code,name,class_type,parent_code,predefined_type,definition
IfcActionRequest,Action Request,Class,IfcControl,,"A request is the act or instance of asking for something, such as a request for information, bid submission, or performance of work."
IfcActionRequestEMAIL,Email,Class,IfcActionRequest,EMAIL,Request was made through email.
IfcActionRequestFAX,Fax,Class,IfcActionRequest,FAX,Request was made through facsimile.
IfcActionRequestPHONE,Phone,Class,IfcActionRequest,PHONE,Request was made verbally over a telephone.
IfcActionRequestPOST,Post,Class,IfcActionRequest,POST,Request was made through postal mail.
IfcActionRequestVERBAL,Verbal,Class,IfcActionRequest,VERBAL,Request was made verbally in person.
IfcActor,Actor,Class,IfcObject,,"The [[IfcActor]] defines all actors or human agents involved in a project during its full life cycle. It facilitates the use of person and organization definitions in the resource part of the IFC object model. This includes name, address, telecommunication addresses, and roles."
IfcActuator,Actuator,Class,IfcDistributionControlElement,,"An actuator is a mechanical device for moving or controlling a mechanism or system. An actuator takes energy, usually created by air, electricity, or liquid, and converts that into some kind of motion."
IfcActuatorELECTRICACTUATOR,Electric Actuator,Class,IfcActuator,ELECTRICACTUATOR,A device that electrically actuates a control element.
IfcActuatorHANDOPERATEDACTUATOR,Hand Operated Actuator,Class,IfcActuator,HANDOPERATEDACTUATOR,A device that manually actuates a control element.
IfcActuatorHYDRAULICACTUATOR,Hydraulic Actuator,Class,IfcActuator,HYDRAULICACTUATOR,A device that hydraulically actuates a control element.
IfcActuatorPNEUMATICACTUATOR,Pneumatic Actuator,Class,IfcActuator,PNEUMATICACTUATOR,A device that pneumatically actuates a control element.
IfcActuatorTHERMOSTATICACTUATOR,Thermostatic Actuator,Class,IfcActuator,THERMOSTATICACTUATOR,A device that thermostatically actuates a control element.
IfcAirTerminal,Air Terminal,Class,IfcFlowTerminal,,An air terminal is a terminating or origination point for the transfer of air between distribution system(s) and one or more spaces. It can also be used for the transfer of air between adjacent spaces.
IfcAirTerminalBox,Air Terminal Box,Class,IfcFlowController,,An air terminal box typically participates in an HVAC duct distribution system and is used to control or modulate the amount of air delivered to its downstream ductwork. An air terminal box type is often referred to as an 'air flow regulator'.
IfcAirTerminalBoxCONSTANTFLOW,Constant Flow,Class,IfcAirTerminalBox,CONSTANTFLOW,Terminal box does not include a means to reset the volume automatically to an outside signal such as thermostat.
IfcAirTerminalBoxVARIABLEFLOWPRESSUREDEPENDANT,Variable Flow Pressure Dependant,Class,IfcAirTerminalBox,VARIABLEFLOWPRESSUREDEPENDANT,air-flow rate depends on supply pressure.
IfcAirTerminalBoxVARIABLEFLOWPRESSUREINDEPENDANT,Variable Flow Pressure Independant,Class,IfcAirTerminalBox,VARIABLEFLOWPRESSUREINDEPENDANT,air-flow rate is independent of supply pressure.
IfcAirTerminalDIFFUSER,Diffuser,Class,IfcAirTerminal,DIFFUSER,An outlet discharging supply air in various directions and planes.
IfcAirTerminalGRILLE,Grille,Class,IfcAirTerminal,GRILLE,A covering for any area through which air passes.
IfcAirTerminalLOUVRE,Louvre,Class,IfcAirTerminal,LOUVRE,A rectilinear louvre.
IfcAirTerminalREGISTER,Register,Class,IfcAirTerminal,REGISTER,A grille typically equipped with a damper or control valve.
IfcAirToAirHeatRecovery,Air to Air Heat Recovery,Class,IfcEnergyConversionDevice,,"An air-to-air heat recovery device employs a counter-flow heat exchanger between inbound and outbound air flow. It is typically used to transfer heat from warmer air in one chamber to cooler air in the second chamber (i.e., typically used to recover heat from the conditioned air being exhausted and the outside air being supplied to a building), resulting in energy savings from reduced heating (or cooling) requirements."
IfcAirToAirHeatRecoveryFIXEDPLATECOUNTERFLOWEXCHAN,Fixed Plate Counter Flow Exchanger,Class,IfcAirToAirHeatRecovery,FIXEDPLATECOUNTERFLOWEXCHAN,"[[Heat]] exchanger with moving parts and alternate layers of plates, separated and sealed from the exhaust and supply air stream passages with primary air entering at secondary air outlet location and exiting at secondary air inlet location."
IfcAirToAirHeatRecoveryFIXEDPLATECROSSFLOWEXCHANGE,Fixed Plate Cross Flow Exchanger,Class,IfcAirToAirHeatRecovery,FIXEDPLATECROSSFLOWEXCHANGE,"[[Heat]] exchanger with moving parts and alternate layers of plates, separated and sealed from the exhaust and supply air stream passages with secondary air flow in the direction perpendicular to primary air flow."
IfcAirToAirHeatRecoveryFIXEDPLATEPARALLELFLOWEXCHA,Fixed Plate Parallel Flow Exchanger,Class,IfcAirToAirHeatRecovery,FIXEDPLATEPARALLELFLOWEXCHA,"[[Heat]] exchanger with moving parts and alternate layers of plates, separated and sealed from the exhaust and supply air stream passages with primary air entering at secondary air inlet location and exiting at secondary air outlet location."
IfcAirToAirHeatRecoveryHEATPIPE,Heat Pipe,Class,IfcAirToAirHeatRecovery,HEATPIPE,A passive energy recovery device with a heat pipe divided into evaporator and condenser sections.
IfcAirToAirHeatRecoveryROTARYWHEEL,Rotary Wheel,Class,IfcAirToAirHeatRecovery,ROTARYWHEEL,A heat wheel with a revolving cylinder filled with an air-permeable medium having a large internal surface area.
IfcAirToAirHeatRecoveryRUNAROUNDCOILLOOP,Runaround Coil Loop,Class,IfcAirToAirHeatRecovery,RUNAROUNDCOILLOOP,"A typical coil energy recovery loop places extended surface, finned tube water coils in the supply and exhaust airstreams of a building."
IfcAirToAirHeatRecoveryTHERMOSIPHONCOILTYPEHEATEXC,Thermo Siphon Coil Type Heat Exchangers,Class,IfcAirToAirHeatRecovery,THERMOSIPHONCOILTYPEHEATEXC,"Sealed systems that consist of an evaporator, a condenser, interconnecting piping, and an intermediate working fluid that is present in both liquid and vapor phases where the evaporator and condensor coils are installed independently in the ducts and are interconnected by the working fluid piping."
IfcAirToAirHeatRecoveryTHERMOSIPHONSEALEDTUBEHEATE,Thermo Siphon Sealed Tube Heat Exchangers,Class,IfcAirToAirHeatRecovery,THERMOSIPHONSEALEDTUBEHEATE,"Sealed systems that consist of an evaporator, a condenser, interconnecting piping, and an intermediate working fluid that is present in both liquid and vapor phases where the evaporator and the condenser are usually at opposite ends of a bundle of straight, individual thermosiphon tubes and the exhaust and supply ducts are adjacent to each other."
IfcAirToAirHeatRecoveryTWINTOWERENTHALPYRECOVERYLO,Twin Tower Enthalpy Recovery Loops,Class,IfcAirToAirHeatRecovery,TWINTOWERENTHALPYRECOVERYLO,"An air-to-liquid, liquid-to-air enthalpy recovery system with a sorbent liquid circulates continuously between supply and exhaust airstreams, alternately contacting both airstreams directly in contactor towers."
IfcAlarm,Alarm,Class,IfcDistributionControlElement,,An alarm is a device that signals the existence of a condition or situation that is outside the boundaries of normal expectation or that activates such a device.
IfcAlarmBELL,Bell,Class,IfcAlarm,BELL,An audible alarm.
IfcAlarmBREAKGLASSBUTTON,Break Glass Button,Class,IfcAlarm,BREAKGLASSBUTTON,An alarm activation mechanism in which a protective glass has to be broken to enable a button to be pressed.
IfcAlarmLIGHT,Light,Class,IfcAlarm,LIGHT,A visual alarm.
IfcAlarmMANUALPULLBOX,Manual Pull Box,Class,IfcAlarm,MANUALPULLBOX,An alarm activation mechanism in which activation is achieved by a pulling action.
IfcAlarmRAILWAYCROCODILE,Railway Crocodile,Class,IfcAlarm,RAILWAYCROCODILE,An electrical contact placed between the rails (in the four-foot way) to provide warnings in the locomotive cab.
IfcAlarmRAILWAYDETONATOR,Railway Detonator,Class,IfcAlarm,RAILWAYDETONATOR,"A coin-sized device that is used as a loud warning signal to train drivers. It is usually placed on the top of the rail, usually secured with two lead straps, one on each side."
IfcAlarmSIREN,Siren,Class,IfcAlarm,SIREN,An audible alarm.
IfcAlarmWHISTLE,Whistle,Class,IfcAlarm,WHISTLE,An audible alarm.
IfcAlignment,Alignment,Class,IfcLinearPositioningElement,,For the purposes of IFC the English term 'alignment' defines three separate but closely interconnected concepts.
IfcAnnotation,Annotation,Class,IfcProduct,,"An annotation is an information element within the geometric (and spatial) context of a project, that adds a note or meaning to the objects which constitutes the project model. Annotations include additional points, curves, text, dimensioning, hatching and other forms of graphical notes. It also includes virtual or symbolic representations of additional model components, not representing products or spatial structures, such as survey points and lines, contour lines or similar."
IfcAnnotationCONTOURLINE,Contourline,Class,IfcAnnotation,CONTOURLINE,"Annotation used to illustrate lines connecting points of equal elevation or depth, on a map or chart."
IfcAnnotationDIMENSION,Dimension,Class,IfcAnnotation,DIMENSION,"Annotation used to illustrate the measurement or size of an object, often accompanied by numerical values."
IfcAnnotationISOBAR,Isobar,Class,IfcAnnotation,ISOBAR,Annotation used to illustrate lines connecting points of equal pressure on a map or chart.
IfcAnnotationISOLUX,Isolux,Class,IfcAnnotation,ISOLUX,Annotation used to illustrate lines connecting points of equal illuminance or light intensity.
IfcAnnotationISOTHERM,Isotherm,Class,IfcAnnotation,ISOTHERM,Annotation used to illustrate lines connecting points of equal temperature on a map or chart.
IfcAnnotationLEADER,Leader,Class,IfcAnnotation,LEADER,Annotation that includes a line or arrow.
IfcAnnotationSURVEY,Survey,Class,IfcAnnotation,SURVEY,"Annotation used for survey information, such as survey points, survey lines or survey areas."
IfcAnnotationSYMBOL,Symbol,Class,IfcAnnotation,SYMBOL,Annotation that employs graphical symbols or icons to represent specific meanings.
IfcAnnotationTEXT,Text,Class,IfcAnnotation,TEXT,A textual annotation.
IfcAsset,Asset,Class,IfcGroup,,An asset is a uniquely identifiable grouping of elements acting as a single entity that has a financial value or that can be operated on as a single unit.
IfcAudioVisualAppliance,Audio Visual Appliance,Class,IfcFlowTerminal,,"An audio-visual appliance is a device that displays, captures, transmits, or receives audio or video."
IfcAudioVisualApplianceAMPLIFIER,Amplifier,Class,IfcAudioVisualAppliance,AMPLIFIER,A device that receives an audio signal and amplifies it to play through speakers.
IfcAudioVisualApplianceCAMERA,Camera,Class,IfcAudioVisualAppliance,CAMERA,"A device that records images, either as a still photograph or as moving images known as videos or movies. Note that a camera may operate with light from the visible spectrum or from other parts of the electromagnetic spectrum such as infrared or ultraviolet."
IfcAudioVisualApplianceCOMMUNICATIONTERMINAL,Communication Terminal,Class,IfcAudioVisualAppliance,COMMUNICATIONTERMINAL,"A communication terminal is an audio communication device that is usually installed along transportation infrastructure (railways, roads, tunnels etc.) in order to be used by the general public or operation agents for communication. It may specifically be used to make calls to emergency services in tunnels."
IfcAudioVisualApplianceDISPLAY,Display,Class,IfcAudioVisualAppliance,DISPLAY,An electronic device that represents information in visual form such as a flat-panel display or television.
IfcAudioVisualApplianceMICROPHONE,Microphone,Class,IfcAudioVisualAppliance,MICROPHONE,"An acoustic-to-electric transducer or sensor that converts sound into an electrical signal. Microphones types in use include electromagnetic induction (dynamic microphones), capacitance change (condenser microphones) or piezoelectric generation to produce the signal from mechanical vibration."
IfcAudioVisualAppliancePLAYER,P Layer,Class,IfcAudioVisualAppliance,PLAYER,"A device that plays audio and/or video content directly or to another device, having fixed or removable storage media."
IfcAudioVisualAppliancePROJECTOR,Projector,Class,IfcAudioVisualAppliance,PROJECTOR,"An apparatus for projecting a picture on a screen. Whether the device is an overhead, slide projector, or a film projector, it is usually referred to as simply a projector."
IfcAudioVisualApplianceRECEIVER,Receiver,Class,IfcAudioVisualAppliance,RECEIVER,"A device that receives audio and/or video signals, switches sources, and amplifies signals to play through speakers."
IfcAudioVisualApplianceRECORDINGEQUIPMENT,Recording Equipment,Class,IfcAudioVisualAppliance,RECORDINGEQUIPMENT,A recording equipment is a device that records telephone calls or other types of audio data. It also provides the function of archiving and immediate replay.
IfcAudioVisualApplianceSPEAKER,Speaker,Class,IfcAudioVisualAppliance,SPEAKER,"A loudspeaker, speaker, or speaker system is an electroacoustical transducer that converts an electrical signal to sound."
IfcAudioVisualApplianceSWITCHER,Switcher,Class,IfcAudioVisualAppliance,SWITCHER,"A device that receives audio and/or video signals, switches sources, and transmits signals to downstream devices."
IfcAudioVisualApplianceTELEPHONE,Telephone,Class,IfcAudioVisualAppliance,TELEPHONE,"A telecommunications device that is used to transmit and receive sound, and optionally video."
IfcAudioVisualApplianceTUNER,Tuner,Class,IfcAudioVisualAppliance,TUNER,"An electronic receiver that detects, demodulates, and amplifies transmitted signals."
IfcBeam,Beam,Class,IfcBuiltElement,,"An [[IfcBeam]] is typically a horizontal, or nearly horizontal, structural member that is capable of withstanding load primarily by resisting bending. It may also represent such a member from an architectural point of view. It is not required to be load bearing."
IfcBeamBEAM,Beam,Class,IfcBeam,BEAM,A standard beam usually used horizontally.
IfcBeamCORNICE,Cornice,Class,IfcBeam,CORNICE,"A non-loadbearing beam on the longitudinal edge of bridge slab, usually encasing installations."
IfcBeamDIAPHRAGM,Diaphragm,Class,IfcBeam,DIAPHRAGM,End portion of a girder transmitting loads to supports and providing moment resistance to adjoining segment.
IfcBeamEDGEBEAM,Edgebeam,Class,IfcBeam,EDGEBEAM,"A beam on the longitudinal edge of bridge slab, usually concrete, providing additional stiffening and protection from the elements."
IfcBeamGIRDER_SEGMENT,Girder Segment,Class,IfcBeam,GIRDER_SEGMENT,A segment of a girder (e.g. each span of a continuous girder).
IfcBeamHATSTONE,Hatstone,Class,IfcBeam,HATSTONE,"A beam on top of a retaining wall or a wing wall, preventing earth movement."
IfcBeamHOLLOWCORE,Hollow Core,Class,IfcBeam,HOLLOWCORE,A wide often prestressed beam with a hollow-core profile that usually serves as a slab component.
IfcBeamJOIST,Joist,Class,IfcBeam,JOIST,A beam used to support a floor or ceiling.
IfcBeamLINTEL,Lintel,Class,IfcBeam,LINTEL,"A beam or horizontal piece of material over an opening (e.g. door, window)."
IfcBeamPIERCAP,Pier Cap,Class,IfcBeam,PIERCAP,A transversal beam on top of a pier (on a single column or extending from one column of a pier to another column of the same pier).
IfcBeamSPANDREL,Spandrel,Class,IfcBeam,SPANDREL,A tall beam placed on the facade of a building. One tall side is usually finished to provide the exterior of the building. Can be used to support joists or slab elements on its interior side.
IfcBeamT_BEAM,T Beam,Class,IfcBeam,T_BEAM,"A beam that forms part of a slab construction and acts together with the slab which it carries. Such beams are often of T-shape (therefore the English name), but may have other shapes as well, e.g. an L-Shape or an Inverted-T-Shape."
IfcBearing,Bearing,Class,IfcBuiltElement,,"[[Type]] of building element that is usually used to transmit loads from superstructure to substructure, and usually allowing movement (displacement or rotation) in one or more degrees of freedom. It is typically a mechanical component procured as a whole and installed on site, but in simple cases it may be built on site (composed of other building elements, element components, etc.)."
IfcBearingCYLINDRICAL,Cylindrical,Class,IfcBearing,CYLINDRICAL,The bearing functionality is provided by cylinder in a concave cylinder.
IfcBearingDISK,Disk,Class,IfcBearing,DISK,A disk bearing consist of an elastomeric disc between two metal plates.
IfcBearingELASTOMERIC,Elastomeric,Class,IfcBearing,ELASTOMERIC,A pad bearing which carries vertical load by contact stresses between a sheet of sliding material and a mating surface that permits movements by sliding and accommodates rotation by deformation of the elastomer.
IfcBearingGUIDE,Guide,Class,IfcBearing,GUIDE,A bearing that ensures that the structure maintains the correct location or expansion/contraction path and takes no vertical load. Includes also restraint bearings.
IfcBearingPOT,Pot,Class,IfcBearing,POT,A bearing which carries vertical load by compression of an (elastomeric) disc confined in a (steel) cylinder and which accommodates rotations by deformations of the disc.
IfcBearingROCKER,Rocker,Class,IfcBearing,ROCKER,The bearing functionality is provided by a rocker construction. Includes line rocker and point rocker bearings.
IfcBearingROLLER,Roller,Class,IfcBearing,ROLLER,The bearing functionality is provided by one or more rollers that are placed between two plates.
IfcBearingSPHERICAL,Spherical,Class,IfcBearing,SPHERICAL,The bearing functionality is provided by convex dome in a concave basin.
IfcBoiler,Boiler,Class,IfcEnergyConversionDevice,,"A boiler is a closed, pressure-rated vessel in which water or other fluid is heated using an energy source such as natural gas, heating oil, or electricity. The fluid in the vessel is then circulated out of the boiler for use in various processes or heating applications."
IfcBoilerSTEAM,Steam,Class,IfcBoiler,STEAM,[[Steam]] boiler.
IfcBoilerWATER,Water,Class,IfcBoiler,WATER,[[Water]] boiler.
IfcBorehole,Borehole,Class,IfcGeotechnicalAssembly,,"Representation of the concept of a linear geological and geotechnical model, usually an interpretation but sometimes created direct from ground penetrating measurement; The assembly may contain one of more strata and other elements such as capping and lining. The contained subtypes of [[IfcGeotechnicalStratum]] will have shape representations made from straight or bent tubes reflecting the bore diameter, or discs if a 'Yabuki' top surface model is being used."
IfcBridge,Bridge,Class,IfcFacility,,"A Bridge is a civil engineering work that affords passage to pedestrians, animals, vehicles, and services above obstacles or between two points at a height above ground."
IfcBridgeARCHED,Arched,Class,IfcBridge,ARCHED,Bridge that has one or more arches as its main structure.
IfcBridgeCABLE_STAYED,Cable Stayed,Class,IfcBridge,CABLE_STAYED,Bridge with one or more towers and inclined cables that are connected to the top or the shaft of the tower and support the deck.
IfcBridgeCANTILEVER,Cantilever,Class,IfcBridge,CANTILEVER,"Bridge, the main structural members of which are cantilevers."
IfcBridgeCULVERT,Culvert,Class,IfcBridge,CULVERT,"Transverse drain or waterway construction under a road, railway, or canal, or through an embankment, in the form of a large pipe or enclosed channel."
IfcBridgeFRAMEWORK,Framework,Class,IfcBridge,FRAMEWORK,Framework bridge.
IfcBridgeGIRDER,Girder,Class,IfcBridge,GIRDER,A bridge that uses girders as the means of supporting its deck.
IfcBridgePart,Bridge Part,Class,IfcFacilityPart,,Part of a bridge.
IfcBridgePartABUTMENT,Abutment,Class,IfcBridgePart,ABUTMENT,"The substructures at the ends of a bridge, supporting its superstructure. They may be composed of wing walls (on each side), head wall, stem wall, and cone"
IfcBridgePartDECK,Deck,Class,IfcBridgePart,DECK,A bridge deck is comprised of those elements used for conveying traffic but does not perform structural functions of the superstructure
IfcBridgePartDECK_SEGMENT,Deck Segment,Class,IfcBridgePart,DECK_SEGMENT,A segment of the bridge deck. Segments may be separated by construction or expansion joints
IfcBridgePartFOUNDATION,Foundation,Class,IfcBridgePart,FOUNDATION,"The structural elements that support and anchor the bridge to the ground, transmitting all loads to the supporting strata"
IfcBridgePartPIER,Pier,Class,IfcBridgePart,PIER,A bridge pier is a type of structure that extends to the ground below or into the water. It is used to support bridge superstructure and transfer the loads to the foundation.
IfcBridgePartPIER_SEGMENT,Pier Segment,Class,IfcBridgePart,PIER_SEGMENT,A segment of the bridge pier. Segments may be separated by construction or expansion joints
IfcBridgePartPYLON,Pylon,Class,IfcBridgePart,PYLON,A vertical structure supporting cables in suspended or stayed structures
IfcBridgePartSUBSTRUCTURE,Sub Structure,Class,IfcBridgePart,SUBSTRUCTURE,The elements that transfer loads to the ground. It includes abutments and piers
IfcBridgePartSUPERSTRUCTURE,Super Structure,Class,IfcBridgePart,SUPERSTRUCTURE,The part of the bridge that span horizontally and transfers the traffic load to the bridge substructures
IfcBridgePartSURFACESTRUCTURE,Surface Structure,Class,IfcBridgePart,SURFACESTRUCTURE,"Technical note: Because this class is a 'Predefined Type' in IFC, meaning a specialisation of its par"
IfcBridgeSUSPENSION,Suspension,Class,IfcBridge,SUSPENSION,"Bridge, the main structural members of which are catenary cables from which the deck is suspended."
IfcBridgeTRUSS,Truss,Class,IfcBridge,TRUSS,Bridge with braced triangulated frame designed to act as a beam.
IfcBuilding,Building,Class,IfcFacility,,"A building represents a structure that provides shelter for its occupants or contents and stands in one place. The building is also used to provide a basic element within the spatial structure hierarchy for the components of a building project (together with site, storey, and space)."
IfcBuildingElementPart,Building Element Part,Class,IfcElementComponent,,"[[IfcBuildingElementPart]] represents major components as subordinate parts of a building element. Typical usage examples include precast concrete sandwich walls, where the layers may have different geometry representations. In this case the layered material representation does not sufficiently describe the element. Each layer is represented by an own instance of the [[IfcBuildingElementPart]] with its own geometry description."
IfcBuildingElementPartAPRON,Apron,Class,IfcBuildingElementPart,APRON,"A form of scour protection consisting of timber, concrete, riprap, paving, or other construction placed adjacent to abutments and piers to prevent undermining."
IfcBuildingElementPartARMOURUNIT,Armour Unit,Class,IfcBuildingElementPart,ARMOURUNIT,A large quarry stone or concrete shaped unit used as erosion prevention on slopes such as revetments and breakwaters. These units are grouped together into a Course layer.
IfcBuildingElementPartINSULATION,Insulation,Class,IfcBuildingElementPart,INSULATION,"The part provides thermal insulation, for example as insulation layer between wall panels in sandwich walls or as infill in stud walls."
IfcBuildingElementPartPRECASTPANEL,Precast Panel,Class,IfcBuildingElementPart,PRECASTPANEL,"The part is a precast panel, usually as an internal or external layer in a sandwich wall panel."
IfcBuildingElementPartSAFETYCAGE,Safety Cage,Class,IfcBuildingElementPart,SAFETYCAGE,Safety cages are an assembly of circular and vertical bars that are fastened to the stiles of fixed ladders and are arranged to enclose the path of a worker when climbing the ladder. Ladders so enclosed are also known as caged or hooped ladders.
IfcBuildingElementProxy,Building Element Proxy,Class,IfcBuiltElement,,"The [[IfcBuildingElementProxy]] is a proxy definition that provides the same functionality as subtypes of [[IfcBuiltElement]], but without having a predefined meaning of the special type of building element it represents."
IfcBuildingStorey,Building Storey,Class,IfcSpatialStructureElement,,The building storey has an elevation and typically represents a (nearly) horizontal aggregation of spaces that are vertically bound.
IfcBuiltElement,Built Element,Class,IfcElement,,"The built element comprises all elements that are primarily part of the construction of a built facility, i.e., its structural and space separating system. Built elements are all physically existent and tangible things."
IfcBuiltSystem,Built System,Class,IfcSystem,,A built system is a group by which built elements are grouped according to a common function within the facility.
IfcBuiltSystemEROSIONPREVENTION,Erosion Prevention,Class,IfcBuiltSystem,EROSIONPREVENTION,A grouping of elements into a built system for preventing unwanted relocation of material particles in earthworks slopes or rock faces.;Planting; Solid; Framework; Anchored framework; Shotcrete; Screening; Geosynthetics (geotextiles)
IfcBuiltSystemFENESTRATION,Fenestration,Class,IfcBuiltSystem,FENESTRATION,"[[System]] of doors, windows, and other fillings in openings in a built envelope that are designed to permit the passage of air or light."
IfcBuiltSystemFOUNDATION,Foundation,Class,IfcBuiltSystem,FOUNDATION,[[System]] of shallow and deep foundation elements that transmit forces to the supporting ground.
IfcBuiltSystemLOADBEARING,Loadbearing,Class,IfcBuiltSystem,LOADBEARING,[[System]] of built elements that transmit forces and stiffen the construction.
IfcBuiltSystemMOORING,Mooring,Class,IfcBuiltSystem,MOORING,"[[System]] of components and elements responsible for keeping or holding an element (a vessel, platform or set of catenary lines) in a desired position."
IfcBuiltSystemOUTERSHELL,Outer Shell,Class,IfcBuiltSystem,OUTERSHELL,[[System]] of built elements that provide the outer skin to protect the construction (such as the facade).
IfcBuiltSystemPRESTRESSING,Prestressing,Class,IfcBuiltSystem,PRESTRESSING,"[[System]] of elements providing pre-stressing to the structure, including typically manufactured products such as tendons, anchorages (active, dead, coupling), ducts, vents and deviators, and in-situ concrete segments, tendon spacers, blisters and additional reinforcements."
IfcBuiltSystemRAILWAYLINE,Railway Line,Class,IfcBuiltSystem,RAILWAYLINE,A set of functional tracks with explicit terminals. It is usually composed of a set of tracks with continuous track parts and alignments.
IfcBuiltSystemRAILWAYTRACK,Railway Track,Class,IfcBuiltSystem,RAILWAYTRACK,Railway track system. It is usually composed of continuous sequences of track parts and alignments.
IfcBuiltSystemREINFORCING,Reinforcing,Class,IfcBuiltSystem,REINFORCING,[[System]] of elements providing reinforcing to the structure.
IfcBuiltSystemSHADING,Shading,Class,IfcBuiltSystem,SHADING,[[System]] of shading elements (external or internal) that permits the limitation or control of impact of natural sun light.
IfcBuiltSystemTRACKCIRCUIT,Track Circuit,Class,IfcBuiltSystem,TRACKCIRCUIT,"A track circuit is an electric circuit of which the rails of a track section form a part, with usually a source of current connected at one end and a detection device at the other end for detecting whether this track section is clear or occupied by a vehicle. In a continuous signalling system, the track circuit can be used to transmit information between the ground and the train.;definition from IEC 60050-82."
IfcBuiltSystemTRANSPORT,Transport,Class,IfcBuiltSystem,TRANSPORT,[[System]] of all transport elements in a facility that enable the transport of people or goods.
IfcBurner,Burner,Class,IfcEnergyConversionDevice,,"A burner is a device that converts fuel into heat through combustion. It includes gas, oil, and wood burners."
IfcCableCarrierFitting,Cable Carrier Fitting,Class,IfcFlowFitting,,A cable carrier fitting is a fitting that is placed at junction or transition in a cable carrier system.
IfcCableCarrierFittingBEND,Bend,Class,IfcCableCarrierFitting,BEND,A fitting that changes the route of the cable carrier.
IfcCableCarrierFittingCONNECTOR,Connector,Class,IfcCableCarrierFitting,CONNECTOR,"Connector fitting, typically used to join two ports together within a flow distribution system (e.g., a coupling used to join two duct segments)."
IfcCableCarrierFittingCROSS,Cross,Class,IfcCableCarrierFitting,CROSS,A fitting at which two branches are taken from the main route of the cable carrier simultaneously.
IfcCableCarrierFittingJUNCTION,Junction,Class,IfcCableCarrierFitting,JUNCTION,"A fitting with typically more than two ports used to redistribute flow among the ports and/or to change the direction of flow between connected elements (e.g, tee, cross, wye, etc.)."
IfcCableCarrierFittingREDUCER,Reducer,Class,IfcCableCarrierFitting,REDUCER,A fitting that changes the physical size of the main route of the cable carrier.
IfcCableCarrierFittingTEE,Tee,Class,IfcCableCarrierFitting,TEE,A fitting at which a branch is taken from the main route of the cable carrier.
IfcCableCarrierFittingTRANSITION,Transition,Class,IfcCableCarrierFitting,TRANSITION,A fitting with typically two ports having different shapes or sizes. Can also be used to change the direction of flow between connected elements.
IfcCableCarrierSegment,Cable Carrier Segment,Class,IfcFlowSegment,,A cable carrier segment is a flow segment that is specifically used to carry and support cabling.
IfcCableCarrierSegmentCABLEBRACKET,Cable Bracket,Class,IfcCableCarrierSegment,CABLEBRACKET,"A cable bracket is a horizontal cable support fixed at one end only, spaced at intervals, on which cables rest."
IfcCableCarrierSegmentCABLELADDERSEGMENT,Cable Ladder Segment,Class,IfcCableCarrierSegment,CABLELADDERSEGMENT,An open carrier segment on which cables are carried on a ladder structure.
IfcCableCarrierSegmentCABLETRAYSEGMENT,Cable Tray Segment,Class,IfcCableCarrierSegment,CABLETRAYSEGMENT,A (typically) open carrier segment onto which cables are laid.
IfcCableCarrierSegmentCABLETRUNKINGSEGMENT,Cable Trunking Segment,Class,IfcCableCarrierSegment,CABLETRUNKINGSEGMENT,An enclosed carrier segment with one or more compartments into which cables are placed.
IfcCableCarrierSegmentCATENARYWIRE,Catenary Wire,Class,IfcCableCarrierSegment,CATENARYWIRE,A catenary wire is a longitudinal wire supporting the grooved contact wires either directly or indirectly.;definition from UIC 719-1.
IfcCableCarrierSegmentCONDUITSEGMENT,Conduit Segment,Class,IfcCableCarrierSegment,CONDUITSEGMENT,An enclosed tubular carrier segment through which cables are pulled.
IfcCableCarrierSegmentDROPPER,Dropper,Class,IfcCableCarrierSegment,DROPPER,A dropper is a cable carrier used to suspend cable from another cable. It could also conduct electricity.
IfcCableFitting,Cable Fitting,Class,IfcFlowFitting,,"A cable fitting is a fitting that is placed at a junction, transition or termination in a cable system."
IfcCableFittingCONNECTOR,Connector,Class,IfcCableFitting,CONNECTOR,A fitting that joins two cable segments of the same connector type (though potentially different gender).
IfcCableFittingENTRY,Entry,Class,IfcCableFitting,ENTRY,A fitting that begins a cable segment at a non-electrical element such as a grounding clamp attached to a pipe.
IfcCableFittingEXIT,Exit,Class,IfcCableFitting,EXIT,A fitting that ends a cable segment at a non-electrical element such as a grounding clamp attached to a pipe or to the ground.
IfcCableFittingFANOUT,Fanout,Class,IfcCableFitting,FANOUT,A fan out is a special cable fitting that provides a safe transition from multi-fiber cable units to individual fibers.
IfcCableFittingJUNCTION,Junction,Class,IfcCableFitting,JUNCTION,A fitting that joins three or more segments of arbitrary connector types for signal splitting or multiplexing.
IfcCableFittingTRANSITION,Transition,Class,IfcCableFitting,TRANSITION,A fitting that joins two cable segments of different connector types.
IfcCableSegment,Cable Segment,Class,IfcFlowSegment,,"A cable segment is a flow segment used to carry electrical power, data, or telecommunications signals."
IfcCableSegmentBUSBARSEGMENT,Busbar Segment,Class,IfcCableSegment,BUSBARSEGMENT,Electrical conductor that makes a common connection between several electrical circuits. Properties of a busbar are the same as those of a cable segment and are captured by the cable segment property set.
IfcCableSegmentCABLESEGMENT,Cable Segment,Class,IfcCableSegment,CABLESEGMENT,"Cable with a specific purpose to lead electric current within a circuit or any other electric construction. Includes all types of electric cables, mainly several core segments or conductor segments wrapped together."
IfcCableSegmentCONDUCTORSEGMENT,Conductors Egment,Class,IfcCableSegment,CONDUCTORSEGMENT,"A single linear element within a cable or an exposed wire (such as for grounding) with the specific purpose to lead electric current, data, or a telecommunications signal."
IfcCableSegmentCONTACTWIRESEGMENT,Contact Wire Segment,Class,IfcCableSegment,CONTACTWIRESEGMENT,An electric conductor of an overhead contact line with which the current collectors make contact.;definition from IEC60050 811-33-15.
IfcCableSegmentCORESEGMENT,Core Segment,Class,IfcCableSegment,CORESEGMENT,A self contained element of a cable that comprises one or more conductors and sheathing.The core of one lead is normally single wired or multiwired which are intertwined.
IfcCableSegmentFIBERSEGMENT,Fiber Segment,Class,IfcCableSegment,FIBERSEGMENT,A fiber segment is an individual optical fiber used in telecommunication systems to transmit data by means of optical signals.
IfcCableSegmentFIBERTUBE,Fiber Tube,Class,IfcCableSegment,FIBERTUBE,A fiber tube is semi-rigid hollow plastic tube with a very small radius that houses and protects a certain number of optical fiber segments. An optical cable segment may contain many fiber tubes.
IfcCableSegmentOPTICALCABLESEGMENT,Optical Cable Segment,Class,IfcCableSegment,OPTICALCABLESEGMENT,An optical cable segment is a cable segment that contains a variable number of optical fiber segments.
IfcCableSegmentSTITCHWIRE,Stitch Wire,Class,IfcCableSegment,STITCHWIRE,A stitch wire consists of auxiliary wires and different components (clamp) used in stitched suspension.
IfcCableSegmentWIREPAIRSEGMENT,Wi Repair Segment,Class,IfcCableSegment,WIREPAIRSEGMENT,A pair of conductors contained in a copper cable. The pair is always used together to form a circuit to transmit data by means of electric signals.
IfcCaissonFoundation,Caisson Foundation,Class,IfcDeepFoundation,,CaissonFoundation essentially is a hollow box that can be either open or closed.
IfcCaissonFoundationCAISSON,Caisson,Class,IfcCaissonFoundation,CAISSON,Closed box.
IfcCaissonFoundationWELL,Well,Class,IfcCaissonFoundation,WELL,Open box.
IfcChiller,Chiller,Class,IfcEnergyConversionDevice,,"A chiller is a device used to remove heat from a liquid via a vapor-compression or absorption refrigeration cycle to cool a fluid, typically water or a mixture of water and glycol. The chilled fluid is then used to cool and dehumidify air in a building."
IfcChillerAIRCOOLED,Air Cooled,Class,IfcChiller,AIRCOOLED,Air cooled chiller.
IfcChillerHEATRECOVERY,Heat Recovery,Class,IfcChiller,HEATRECOVERY,[[Heat]] recovery chiller.
IfcChillerWATERCOOLED,Water Cooled,Class,IfcChiller,WATERCOOLED,[[Water]] cooled chiller.
IfcChimney,Chimney,Class,IfcBuiltElement,,"Chimneys are typically vertical, or as near as vertical, parts of the construction of a building and part of the building fabric. Often constructed by pre-cast or insitu concrete, today seldom by bricks. Chimneys are used to evacuate flues from e.g. boilers or fire places."
IfcCoil,Coil,Class,IfcEnergyConversionDevice,,"A coil is a device used to provide heat transfer between non-mixing media. A common example is a cooling coil, which utilizes a finned coil in which circulates chilled water, antifreeze, or refrigerant that is used to remove heat from air moving across the surface of the coil. A coil may be used either for heating or cooling purposes by placing a series of tubes (the coil) carrying a heating or cooling fluid into an airstream. The coil may be constructed from tubes bundled in a serpentine form or from finned tubes that give a extended heat transfer surface."
IfcCoilDXCOOLINGCOIL,Dxcooling Coil,Class,IfcCoil,DXCOOLINGCOIL,Cooling coil using a refrigerant to cool the air stream directly.
IfcCoilELECTRICHEATINGCOIL,Electric Heating Coil,Class,IfcCoil,ELECTRICHEATINGCOIL,Heating coil using electricity as a heating source.
IfcCoilGASHEATINGCOIL,Gas Heating Coil,Class,IfcCoil,GASHEATINGCOIL,Heating coil using gas as a heating source.
IfcCoilHYDRONICCOIL,Hydronic Coil,Class,IfcCoil,HYDRONICCOIL,Cooling or Heating coil that uses a hydronic fluid as a cooling or heating source.
IfcCoilSTEAMHEATINGCOIL,Steam Heating Coil,Class,IfcCoil,STEAMHEATINGCOIL,Heating coil using steam as heating source.
IfcCoilWATERCOOLINGCOIL,Water Cooling Coil,Class,IfcCoil,WATERCOOLINGCOIL,Cooling coil using chilled water. HYDRONICCOIL supercedes this enumerator.
IfcCoilWATERHEATINGCOIL,Water Heating Coil,Class,IfcCoil,WATERHEATINGCOIL,Heating coil using hot water as a heating source. HYDRONICCOIL supercedes this enumerator.
IfcColumn,Column,Class,IfcBuiltElement,,"An [[IfcColumn]] is a vertical structural or architectural member which often is aligned with a structural grid intersection. In most cases it represents a vertical, or nearly vertical, structural member that transmits, through compression, the weight of the structure above to other structural elements below. It may also represent such a member from an architectural point of view in which case it may represent a non load bearing element. Whether it is a structural load bearing element or a non-load bearing element is determined by the [[Pset_ColumnCommon]].[[LoadBearing]] property."
IfcColumnCOLUMN,Column,Class,IfcColumn,COLUMN,A usually vertical member that may be load bearing and requiring resistance to vertical forces by compression but also sometimes to lateral forces.
IfcColumnPIERSTEM,Pier Stem,Class,IfcColumn,PIERSTEM,"An individual vertical part of a pier, may be a simple column, i.e. no breakdown into segments or separate structural parts such as flanges and web(s), or may be an aggregation of segments and/or parts."
IfcColumnPIERSTEM_SEGMENT,Pier Stem Segment,Class,IfcColumn,PIERSTEM_SEGMENT,A vertical segment of a pier column.
IfcColumnPILASTER,Pilaster,Class,IfcColumn,PILASTER,A column element embedded within a wall that can be required to be load bearing but may also only be used for decorative purposes.
IfcColumnSTANDCOLUMN,Stand Column,Class,IfcColumn,STANDCOLUMN,A column transmitting vertical loads from a superstructure to an arch below it.
IfcCommunicationsAppliance,Communications Appliance,Class,IfcFlowTerminal,,A communications appliance transmits and receives electronic or digital information as data or sound.
IfcCommunicationsApplianceANTENNA,Antenna,Class,IfcCommunicationsAppliance,ANTENNA,A transducer designed to transmit or receive electromagnetic waves.
IfcCommunicationsApplianceAUTOMATON,Automaton,Class,IfcCommunicationsAppliance,AUTOMATON,"A self-acting artificial device, the behaviour of which is governed either in a stepwise manner by given decision rules or continuously in time by defined relationships, while the output variables of which are created from its input and state variables.;definition from IEC 60050-351-42-32."
IfcCommunicationsApplianceCOMPUTER,Computer,Class,IfcCommunicationsAppliance,COMPUTER,"A desktop, laptop, tablet, or other type of computer that can be moved from one place to another and connected to an electrical supply via a plugged outlet."
IfcCommunicationsApplianceFAX,Fax,Class,IfcCommunicationsAppliance,FAX,A machine that has the primary function of transmitting a facsimile copy of printed matter using a telephone line.
IfcCommunicationsApplianceGATEWAY,Gateway,Class,IfcCommunicationsAppliance,GATEWAY,A gateway connects multiple network segments with different protocols at all layers (layers 1-7) of the Open Systems Interconnection (OSI) model.
IfcCommunicationsApplianceINTELLIGENTPERIPHERAL,Intelligent Peripheral,Class,IfcCommunicationsAppliance,INTELLIGENTPERIPHERAL,"An intelligent peripheral is a device that offers a variety of specialized resources according to the corresponding service logical program under the control of SCP. These resources contain the receiver of DTMF (Dual-Tone Multi-Frequency, signal generator, record notice, etc.). An intelligent peripheral provides dedicated resource functions in the intelligent network, allocates, controls and manages various dedicated resources, communicates with other entities in the network, and completes SRF resource functions as well as the maintenance, management and statistics functions of resources."
IfcCommunicationsApplianceIPNETWORKEQUIPMENT,IP Network Equipment,Class,IfcCommunicationsAppliance,IPNETWORKEQUIPMENT,"An IP network equipment is a device that provides IP data transmission channel for telecom subsystems or other subsystems e.g., routers, network switches or firewalls."
IfcCommunicationsApplianceLINESIDEELECTRONICUNIT,Line Side Electronic Unit,Class,IfcCommunicationsAppliance,LINESIDEELECTRONICUNIT,"The lineside electronic unit (LEU) is the interface between the balise and interlocking in railway. The LEU acquires the information from the interlocking, and sends the appropriate information to the balises in concordance with the lineside signalling (if available)."
IfcCommunicationsApplianceMODEM,Modem,Class,IfcCommunicationsAppliance,MODEM,"A modem (from modulator-demodulator) is a device that modulates an analog carrier signal to encode digital information, and also demodulates such a carrier signal to decode the transmitted information."
IfcCommunicationsApplianceNETWORKAPPLIANCE,Network Appliance,Class,IfcCommunicationsAppliance,NETWORKAPPLIANCE,"A network appliance performs a dedicated function such as firewall protection, content filtering, load balancing, or equipment management."
IfcCommunicationsApplianceNETWORKBRIDGE,Network Bridge,Class,IfcCommunicationsAppliance,NETWORKBRIDGE,"A network bridge connects multiple network segments at the data link layer (layer 2) of the OSI model, and the term layer 2 switch is very often used interchangeably with bridge."
IfcCommunicationsApplianceNETWORKHUB,Network Hub,Class,IfcCommunicationsAppliance,NETWORKHUB,A network hub connects multiple network segments at the physical layer (layer 1) of the OSI model.
IfcCommunicationsApplianceOPTICALLINETERMINAL,Opticalline Terminal,Class,IfcCommunicationsAppliance,OPTICALLINETERMINAL,An optical line terminal is a service provider endpoint of a passive or active optical network. It is the terminal equipment for connecting fiber optic trunks.
IfcCommunicationsApplianceOPTICALNETWORKUNIT,Optical Network Unit,Class,IfcCommunicationsAppliance,OPTICALNETWORKUNIT,An optical network unit is a kind of optical transmission network connection equipment which is installed at user side.
IfcCommunicationsAppliancePRINTER,Printer,Class,IfcCommunicationsAppliance,PRINTER,A machine that has the primary function of printing text and/or graphics onto paper or other media.
IfcCommunicationsApplianceRADIOBLOCKCENTER,Radio Block Center,Class,IfcCommunicationsAppliance,RADIOBLOCKCENTER,A radio block center is a specialised computing device in railway with specification for generating Movement Authorities (MA) and transmitting it to trains. It gets information from signalling control and from the trains in its section.
IfcCommunicationsApplianceREPEATER,Repeater,Class,IfcCommunicationsAppliance,REPEATER,"A repeater is an electronic device that receives a signal and retransmits it at a higher level and/or higher power, or onto the other side of an obstruction, so that the signal can cover longer distances without degradation."
IfcCommunicationsApplianceROUTER,Router,Class,IfcCommunicationsAppliance,ROUTER,"A router is a networking device whose software and hardware are usually tailored to the tasks of routing and forwarding information. For example, on the Internet, information is directed to various paths by routers."
IfcCommunicationsApplianceSCANNER,Scanner,Class,IfcCommunicationsAppliance,SCANNER,A machine that has the primary function of scanning the content of printed matter and converting it to digital format that can be stored in a computer.
IfcCommunicationsApplianceTELECOMMAND,Telecommand,Class,IfcCommunicationsAppliance,TELECOMMAND,A system sending command to control and monitor the switches and circuit breakers or systems directly or not connected (e.g. via wires) within the traction power system remotely.
IfcCommunicationsApplianceTELEPHONYEXCHANGE,Telephony Exchange,Class,IfcCommunicationsAppliance,TELEPHONYEXCHANGE,A telephony exchange is a device that ensures the routing of telephone calls and communications.
IfcCommunicationsApplianceTRANSITIONCOMPONENT,Transition Component,Class,IfcCommunicationsAppliance,TRANSITIONCOMPONENT,"A transition component is a minor active device that converts electric signals to optical signals at the sender, and converts optical signals to electric signals at the receiver."
IfcCommunicationsApplianceTRANSPONDER,Transponder,Class,IfcCommunicationsAppliance,TRANSPONDER,"A transponder is a communication, monitoring, or control device that, upon receiving a signal, emits a different signal in response. Transponders can be either passive or active (e.g., electronic beacon, balise)."
IfcCommunicationsApplianceTRANSPORTEQUIPMENT,Transport Equipment,Class,IfcCommunicationsAppliance,TRANSPORTEQUIPMENT,"A transport equipment is a network element responsible for providing functionality of transport, multiplexing, switching, management and supervision of transmission channels between different hosts.the bandwidth, the jitter, and the packet loss rate."
IfcCompressor,Compressor,Class,IfcFlowMovingDevice,,A compressor is a device that compresses a fluid typically used in a refrigeration circuit.
IfcCompressorBOOSTER,Booster,Class,IfcCompressor,BOOSTER,Positive-displacement reciprocating compressor where pressure is increased by a booster.
IfcCompressorDYNAMIC,Dynamic,Class,IfcCompressor,DYNAMIC,The pressure of refrigerant vapor is increased by a continuous transfer of angular momentum from a rotating member to the vapor followed by conversion of this momentum into static pressure.
IfcCompressorHERMETIC,Hermetic,Class,IfcCompressor,HERMETIC,"Positive-displacement reciprocating compressor where the motor and compressor are contained within the same housing, with the motor shaft integral with the compressor crankshaft and the motor in contact with refrigerant."
IfcCompressorOPENTYPE,Open Type,Class,IfcCompressor,OPENTYPE,Positive-displacement reciprocating compressor where the shaft extends through a seal in the crankcase for an external drive.
IfcCompressorRECIPROCATING,Reciprocating,Class,IfcCompressor,RECIPROCATING,Positive-displacement compressor using a piston driven by a connecting rod from a crankshaft.
IfcCompressorROLLINGPISTON,Rolling Piston,Class,IfcCompressor,ROLLINGPISTON,Positive-displacement rotary compressor using a roller mounted on the eccentric of a shaft with a single vane in the nonrotating cylindrical housing.
IfcCompressorROTARY,Rotary,Class,IfcCompressor,ROTARY,Positive-displacement compressor using a roller or rotor device.
IfcCompressorROTARYVANE,Rotary Vane,Class,IfcCompressor,ROTARYVANE,Positive-displacement rotary compressor using a roller mounted on the eccentric of a shaft with multiple vanes in the nontotating cylindrical housing.
IfcCompressorSCROLL,Scroll,Class,IfcCompressor,SCROLL,"Positive-displacement compressor using two inter-fitting, spiral-shaped scroll members."
IfcCompressorSEMIHERMETIC,Semihermetic,Class,IfcCompressor,SEMIHERMETIC,Positive-displacement reciprocating compressor where the hermetic compressors use bolted construction amenable to field repair.
IfcCompressorSINGLESCREW,Single Screw,Class,IfcCompressor,SINGLESCREW,Positive-displacement rotary compressor using a single cylindrical main rotor that works with a pair of gate rotors.
IfcCompressorSINGLESTAGE,Single Stage,Class,IfcCompressor,SINGLESTAGE,Positive-displacement reciprocating compressor where vapor is compressed in a single stage.
IfcCompressorTROCHOIDAL,Trochoidal,Class,IfcCompressor,TROCHOIDAL,Positive-displacement compressor using a rolling motion of one circle outside or inside the circumference of a basic circle and produce either epitrochoids or hypotrochoids.
IfcCompressorTWINSCREW,Twin Screw,Class,IfcCompressor,TWINSCREW,"Positive-displacement rotary compressor using two mating helically grooved rotors, male (lobes) and female (flutes) in a stationary housing with inlet and outlet gas ports."
IfcCompressorWELDEDSHELLHERMETIC,Welded Shell Hermetic,Class,IfcCompressor,WELDEDSHELLHERMETIC,"Positive-displacement reciprocating compressor where the motor compressor is mounted inside a steel shell, which, in turn is sealed by welding."
IfcCondenser,Condenser,Class,IfcEnergyConversionDevice,,"A condenser is a device that is used to dissipate heat, typically by condensing a substance such as a refrigerant from its gaseous to its liquid state."
IfcCondenserAIRCOOLED,Air Cooled,Class,IfcCondenser,AIRCOOLED,A condenser in which heat is transferred to an air-stream.
IfcCondenserEVAPORATIVECOOLED,Evaporative Cooled,Class,IfcCondenser,EVAPORATIVECOOLED,A condenser that is cooled evaporatively.
IfcCondenserWATERCOOLED,Water Cooled,Class,IfcCondenser,WATERCOOLED,[[Water]]-cooled condenser with unspecified operation.
IfcCondenserWATERCOOLEDBRAZEDPLATE,Water Cooled Brazedplate,Class,IfcCondenser,WATERCOOLEDBRAZEDPLATE,[[Water]]-cooled condenser with plates brazed together to form an assembly of separate channels.
IfcCondenserWATERCOOLEDSHELLCOIL,Water Cooled Shell Coil,Class,IfcCondenser,WATERCOOLEDSHELLCOIL,[[Water]]-cooled condenser with cooling water circulated through one or more continuous or assembled coils contained within the shell.
IfcCondenserWATERCOOLEDSHELLTUBE,Water Cooled Shell Tube,Class,IfcCondenser,WATERCOOLEDSHELLTUBE,[[Water]]-cooled condenser with cooling water circulated through one or more tubes contained within the shell.
IfcCondenserWATERCOOLEDTUBEINTUBE,Water Cooled Tube In Tube,Class,IfcCondenser,WATERCOOLEDTUBEINTUBE,"[[Water]]-cooled condenser consisting of one or more assemblies of two tubes, one within the other."
IfcContext,Context,Class,IfcObjectDefinition,,"[[IfcContext]] is the generalization of a project context in which objects, type objects, property sets, and properties are defined. The [[IfcProject]] as subtype of [[IfcContext]] provides the context for all information on a construction project, it may include one or several [[IfcProjectLibrary]]'s as subtype of [[IfcContext]] to register the included libraries for the project. A library of products that is referenced is declared within the [[IfcProjectLibrary]] as the context of that library."
IfcControl,Control,Class,IfcObject,,"[[IfcControl]] is the abstract generalization of all concepts that control or constrain the utilization of products, processes, or resources in general. It can be seen as a regulation, cost schedule, request or order, or other requirements applied to a product, process or resource whose requirements and provisions must be fulfilled."
IfcController,Controller,Class,IfcDistributionControlElement,,A controller is a device that monitors inputs and controls outputs within a building automation system.
IfcControllerFLOATING,Floating,Class,IfcController,FLOATING,Output increases or decreases at a constant or accelerating rate.
IfcControllerMULTIPOSITION,Multiposition,Class,IfcController,MULTIPOSITION,"Output is discrete value, can be one of three or more values."
IfcControllerPROGRAMMABLE,Programmable,Class,IfcController,PROGRAMMABLE,Output is programmable such as Discrete Digital Control (DDC).
IfcControllerPROPORTIONAL,Proportional,Class,IfcController,PROPORTIONAL,Output is proportional to the control error and optionally time integral and derivative.
IfcControllerTWOPOSITION,Twoposition,Class,IfcController,TWOPOSITION,Output can be either on or off.
IfcConveyorSegment,Conveyor Segment,Class,IfcFlowSegment,,"A conveyor segment defines an occurrence of a flow segment/ continuous run within a conveyor system that joins two sections of the system. these can utilise different carrying methods such as belt, rope, chain, screw etc."
IfcConveyorSegmentBELTCONVEYOR,Belt Conveyor,Class,IfcConveyorSegment,BELTCONVEYOR,An endless belt for carrying material without stretching.
IfcConveyorSegmentBUCKETCONVEYOR,Bucket Conveyor,Class,IfcConveyorSegment,BUCKETCONVEYOR,A conveyor in the form of connected buckets or segments that move in a continuous loop
IfcConveyorSegmentCHUTECONVEYOR,Chute Conveyor,Class,IfcConveyorSegment,CHUTECONVEYOR,Gravity-operated conveyor where media descends through a trough or chute.
IfcConveyorSegmentSCREWCONVEYOR,Screw Conveyor,Class,IfcConveyorSegment,SCREWCONVEYOR,composed of a longitudinal screw in a trough or pipe that rotates to force media through the segment
IfcCooledBeam,Cooled Beam,Class,IfcEnergyConversionDevice,,"A cooled beam (or chilled beam) is a device typically used to cool air by circulating a fluid such as chilled water through exposed finned tubes above a space. Typically mounted overhead near or within a ceiling, the cooled beam uses convection to cool the space below it by acting as a heat sink for the naturally rising warm air of the space. Once cooled, the air naturally drops back to the floor where the cycle begins again."
IfcCooledBeamACTIVE,Active,Class,IfcCooledBeam,ACTIVE,An active or ventilated cooled beam provides cooling (and heating) but can also function as an air terminal in a ventilation system.
IfcCooledBeamPASSIVE,Passive,Class,IfcCooledBeam,PASSIVE,A passive or static cooled beam provides cooling (and heating) to a room or zone.
IfcCoolingTower,Cooling Tower,Class,IfcEnergyConversionDevice,,A cooling tower is a device which rejects heat to ambient air by circulating a fluid such as water through it to reduce its temperature by partial evaporation.
IfcCoolingTowerMECHANICALFORCEDDRAFT,Mechanical Forced Draft,Class,IfcCoolingTower,MECHANICALFORCEDDRAFT,"Air flow is produced by a mechanical device, typically one or more fans, located on the inlet air side of the cooling tower."
IfcCoolingTowerMECHANICALINDUCEDDRAFT,Mechanical Induced Draft,Class,IfcCoolingTower,MECHANICALINDUCEDDRAFT,"Air flow is produced by a mechanical device, typically one or more fans, located on the air outlet side of the cooling tower."
IfcCoolingTowerNATURALDRAFT,Natural Draft,Class,IfcCoolingTower,NATURALDRAFT,Air flow is produced naturally.
IfcCostItem,Cost Item,Class,IfcControl,,"An [[IfcCostItem]] describes a cost or financial value together with descriptive information that describes its context in a form that enables it to be used within a cost schedule. An [[IfcCostItem]] can be used to represent the cost of goods and services, the execution of works by a process, lifecycle cost and more."
IfcCostSchedule,Cost Schedule,Class,IfcControl,,An [[IfcCostSchedule]] brings together instances of [[IfcCostItem]] either for the purpose of identifying purely cost information as in an estimate for constructions costs or for including cost information within another presentation form such as a work order.
IfcCostScheduleBUDGET,Budget,Class,IfcCostSchedule,BUDGET,An allocation of money for a particular purpose.
IfcCostScheduleCOSTPLAN,Cost Plan,Class,IfcCostSchedule,COSTPLAN,An assessment of the amount of money needing to be expended for a defined purpose based on incomplete information about the goods and services required for a construction or installation.
IfcCostScheduleESTIMATE,Estimate,Class,IfcCostSchedule,ESTIMATE,An assessment of the amount of money needing to be expended for a defined purpose based on actual information about the goods and services required for a construction or installation.
IfcCostSchedulePRICEDBILLOFQUANTITIES,Priced Bill of Quantities,Class,IfcCostSchedule,PRICEDBILLOFQUANTITIES,A complete listing of all work items forming construction or installation works in which costs have been allocated to work items.
IfcCostScheduleSCHEDULEOFRATES,Schedule of Rates,Class,IfcCostSchedule,SCHEDULEOFRATES,"A listing of each type of goods forming construction or installation works with the cost of purchase, construction/installation, overheads and profit assigned so that additional items of that type can be costed."
IfcCostScheduleTENDER,Tender,Class,IfcCostSchedule,TENDER,An offer to provide goods and services.
IfcCostScheduleUNPRICEDBILLOFQUANTITIES,Unpriced Bill of Quantities,Class,IfcCostSchedule,UNPRICEDBILLOFQUANTITIES,A complete listing of all work items forming construction or installation works in which costs have not yet been allocated to work items.
IfcCourse,Course,Class,IfcBuiltElement,,"A built element whose length greatly exceeds its thickness and often also its width, usually of a single material laid on site on top of another horizontal or nearly horizontal built element. A course is distinctive from a earthworks element in that a course is a graded granular (which can be bound or unbound) material that is generally processed in some fashion, where as earthworks elements are soil earthen based structure that can be formed by removal and transport of general ground material.; Structurally a course does not have capacity to carry loads over open span, or to be removed or replaced as a single unit.; * Graded aggregate layers; * Graded sand layers; * Cement bounded material (CBM); * Asphalt layers"
IfcCourseARMOUR,Armour,Class,IfcCourse,ARMOUR,An Aggregate layer whose primary function is to protect against erosion of the underlying material by water e.g. riprap.
IfcCourseBALLASTBED,Ballastbed,Class,IfcCourse,BALLASTBED,Layer composed of broken stones under the sleepers.
IfcCourseCORE,Core,Class,IfcCourse,CORE,A core course is the bulk internal structure of aggregate structures.
IfcCourseFILTER,Filter,Class,IfcCourse,FILTER,An Intermediate layer whose primary function is to prevent the washing through of fine materials.
IfcCoursePAVEMENT,Pavement,Class,IfcCourse,PAVEMENT,A layer within a pavement structure that forms a paved area or road.
IfcCoursePROTECTION,Protection,Class,IfcCourse,PROTECTION,Layer with the primary task to provide protection against erosion and scour.
IfcCovering,Covering,Class,IfcBuiltElement,,"A covering is an element which covers some part of another element and is fully dependent on that other element. The [[IfcCovering]] defines the occurrence of a covering type, that (if given) is expressed by the IfcCoveringType."
IfcCoveringCEILING,Ceiling,Class,IfcCovering,CEILING,The covering is used to represent a ceiling.
IfcCoveringCLADDING,Cladding,Class,IfcCovering,CLADDING,The covering is used to represent a cladding.
IfcCoveringCOPING,Coping,Class,IfcCovering,COPING,A protective capping or covering of a wall or a parapet.
IfcCoveringFLOORING,Flooring,Class,IfcCovering,FLOORING,The covering is used to represent a flooring.
IfcCoveringINSULATION,Insulation,Class,IfcCovering,INSULATION,The covering is used to insulate an element for thermal or acoustic purposes.
IfcCoveringMEMBRANE,Membrane,Class,IfcCovering,MEMBRANE,"An impervious layer that could be used for e.g. roof covering (below tiling - that may be known as sarking etc.) or as a damp proof course membrane; also, waterproofing material on a bridge structure (typically on top of bridge slab)."
IfcCoveringMOLDING,Molding,Class,IfcCovering,MOLDING,The covering is used to represent a molding being a strip of material to cover the transition of surfaces (often between wall cladding and ceiling).
IfcCoveringROOFING,Roofing,Class,IfcCovering,ROOFING,The covering is used to represent a roof covering.
IfcCoveringSKIRTINGBOARD,Skirting Board,Class,IfcCovering,SKIRTINGBOARD,The covering is used to represent a skirting board being a strip of material to cover the transition between the wall cladding and the flooring.
IfcCoveringSLEEVING,Sleeving,Class,IfcCovering,SLEEVING,The covering is used to isolate a distribution element from a space in which it is contained.
IfcCoveringTOPPING,Topping,Class,IfcCovering,TOPPING,A layer of material used for leveling or flattening a surface.
IfcCoveringWRAPPING,Wrapping,Class,IfcCovering,WRAPPING,The covering is used for wrapping particularly of distribution elements using tape.
IfcCurtainWall,Curtain Wall,Class,IfcBuiltElement,,"A curtain wall is a wall of a building which is an assembly of components, hung from the edge of the floor/roof structure rather than bearing on a floor. Curtain wall is represented as a building element assembly and implemented as a subtype of [[IfcBuiltElement]] that uses an IfcRelAggregates relationship. A curtain wall is often external, but using [[Pset_CurtainWallCommon]].[[IsExternal]] can be used to define interior curtain walls."
IfcDamper,Damper,Class,IfcFlowController,,A damper typically participates in an HVAC duct distribution system and is used to control or modulate the flow of air.
IfcDamperBACKDRAFTDAMPER,Back Draft Damper,Class,IfcDamper,BACKDRAFTDAMPER,Damper used for purposes of manually balancing pressure differences. Commonly operated by mechanical adjustment.
IfcDamperBALANCINGDAMPER,Balancing Damper,Class,IfcDamper,BALANCINGDAMPER,Backdraft damper used to restrict the movement of air in one direction. Commonly operated by mechanical spring.
IfcDamperBLASTDAMPER,Blast Damper,Class,IfcDamper,BLASTDAMPER,Blast damper used to prevent protect occupants and equipment against overpressures resultant of an explosion. Commonly operated by mechanical spring.
IfcDamperCONTROLDAMPER,Control Damper,Class,IfcDamper,CONTROLDAMPER,Control damper used to modulate the flow of air by adjusting the position of the blades. Commonly operated by an actuator of a building automation system.
IfcDamperFIREDAMPER,Fire Damper,Class,IfcDamper,FIREDAMPER,Fire damper used to prevent the spread of fire for a specified duration. Commonly operated by fusable link that melts above a certain temperature.
IfcDamperFIRESMOKEDAMPER,Fire Smoke Damper,Class,IfcDamper,FIRESMOKEDAMPER,Combination fire and smoke damper used to prevent the spread of fire and smoke. Commonly operated by a fusable link and a smoke detector.
IfcDamperFUMEHOODEXHAUST,Fumehood Exhaust,Class,IfcDamper,FUMEHOODEXHAUST,Fume hood exhaust damper. Commonly operated by actuator.
IfcDamperGRAVITYDAMPER,Gravity Damper,Class,IfcDamper,GRAVITYDAMPER,Gravity damper closes from the force of gravity. Commonly operated by gravitational weight.
IfcDamperGRAVITYRELIEFDAMPER,Gravity Relief Damper,Class,IfcDamper,GRAVITYRELIEFDAMPER,Gravity-relief damper used to allow air to move upon a buildup of enough pressure to overcome the gravitational force exerted upon the damper blades. Commonly operated by gravitational weight.
IfcDamperRELIEFDAMPER,Relief Damper,Class,IfcDamper,RELIEFDAMPER,Relief damper used to allow air to move upon a buildup of a specified pressure differential. Commonly operated by mechanical spring.
IfcDamperSMOKEDAMPER,Smoke Damper,Class,IfcDamper,SMOKEDAMPER,Smoke damper used to prevent the spread of smoke. Commonly operated by a smoke detector of a building automation system.
IfcDeepFoundation,Deep Foundation,Class,IfcBuiltElement,,Deep foundation is a type of foundation that transfers loads deeper than shallow foundation below the soft soils not capable of bearing the above structure. Depending on the soil strength it might have to reach down to the rock layer.
IfcDiscreteAccessory,Discrete Accessory,Class,IfcElementComponent,,A discrete accessory is a representation of different kinds of accessories included in or added to elements.
IfcDiscreteAccessoryANCHORPLATE,Anchorplate,Class,IfcDiscreteAccessory,ANCHORPLATE,"An accessory consisting of a steel plate, shear stud connectors or welded-on rebar which is embedded into the surface of a concrete element so that other elements can be welded or bolted onto it later."
IfcDiscreteAccessoryBIRDPROTECTION,Bird Protection,Class,IfcDiscreteAccessory,BIRDPROTECTION,A device that prevents a sitting down of birds at electrically critical points and thus birds are protected against electrical shocks and disturbances by short circuit are avoided.
IfcDiscreteAccessoryBRACKET,Bracket,Class,IfcDiscreteAccessory,BRACKET,An L-shaped or similarly shaped accessory attached in a corner between elements to hold them together or to carry a secondary element.
IfcDiscreteAccessoryCABLEARRANGER,Cable Arranger,Class,IfcDiscreteAccessory,CABLEARRANGER,A cable arranger is a flexible accessory or a part of a component placed around cables to arrange and minimize flexing of them at the point where it is placed.
IfcDiscreteAccessoryELASTIC_CUSHION,Elastic Cushion,Class,IfcDiscreteAccessory,ELASTIC_CUSHION,"A track elastic cushion is a kind of layer set on grooved sides of a concrete base, which is used for mitigating the impact of longitudinal and lateral load on track structures. A track elastic cushion shall only appear in ballastless track structures."
IfcDiscreteAccessoryEXPANSION_JOINT_DEVICE,Expansion Joint Device,Class,IfcDiscreteAccessory,EXPANSION_JOINT_DEVICE,Assembly connection element between construction elements to allow for thermic differential expansions.
IfcDiscreteAccessoryFILLER,Filler,Class,IfcDiscreteAccessory,FILLER,"Sealant, gap filler rod, packing material or other used to close a gap."
IfcDiscreteAccessoryFLASHING,Flashing,Class,IfcDiscreteAccessory,FLASHING,[[Construction]] material used to manage the passage of water around objects.
IfcDiscreteAccessoryINSULATOR,Insulator,Class,IfcDiscreteAccessory,INSULATOR,A device designed to support and insulate a conductive element.;definition from IEC 151-15-39.
IfcDiscreteAccessoryLOCK,Lock,Class,IfcDiscreteAccessory,LOCK,"A lock is a mechanical or electronic fastening device that is released either by a physical object (e.g., key, fingerprint, RFID card, security token etc.), by supplying secret information (e.g., number permutation, password), or by a combination thereof."
IfcDiscreteAccessoryPANEL_STRENGTHENING,Panel Strengthening,Class,IfcDiscreteAccessory,PANEL_STRENGTHENING,A component that minimizes pump effects of the substructure.
IfcDiscreteAccessoryPOINTMACHINEMOUNTINGDEVICE,Point Machine Mounting Device,Class,IfcDiscreteAccessory,POINTMACHINEMOUNTINGDEVICE,Point machine mounting device.
IfcDiscreteAccessoryPOINT_MACHINE_LOCKING_DEVICE,Point Machine Locking Device,Class,IfcDiscreteAccessory,POINT_MACHINE_LOCKING_DEVICE,Point machine locking device.
IfcDiscreteAccessoryRAILBRACE,Rail Brace,Class,IfcDiscreteAccessory,RAILBRACE,A rail component that prevents rails from tipping and twisting.
IfcDiscreteAccessoryRAILPAD,Rail Pad,Class,IfcDiscreteAccessory,RAILPAD,"A non-metallic pad placed between rail and baseplate or rail and sleeper, bearer or slab.;definition from EN 13481-1."
IfcDiscreteAccessoryRAIL_LUBRICATION,Rail Lubrication,Class,IfcDiscreteAccessory,RAIL_LUBRICATION,A device that prevents wearing of the rails throughout the flange of wheel to reduce noise emissions. It is often located at inner side of the outer rail in a curve or near turnouts (depends on function wearing or noise reduction).
IfcDiscreteAccessoryRAIL_MECHANICAL_EQUIPMENT,Rail Mechanical Equipment,Class,IfcDiscreteAccessory,RAIL_MECHANICAL_EQUIPMENT,"A rail mechanical equipment is a mechnical equipment installed at railside, like blocking device, speed regulator, bias loaded inspector, track scale or controllable retarder."
IfcDiscreteAccessorySHOE,Shoe,Class,IfcDiscreteAccessory,SHOE,A column shoe or a beam shoe (beam hanger) used to support or secure an element.
IfcDiscreteAccessorySLIDINGCHAIR,Sliding Chair,Class,IfcDiscreteAccessory,SLIDINGCHAIR,A component which supports and retains the stock rail and a flat surface upon which the foot of the switch rail slides.
IfcDiscreteAccessorySOUNDABSORPTION,Sound Absorption,Class,IfcDiscreteAccessory,SOUNDABSORPTION,A component in the track for sound absorption and may also absorb vibrations. It is often used in combination with slab tracks.
IfcDiscreteAccessoryTENSIONINGEQUIPMENT,Tensioning Equipment,Class,IfcDiscreteAccessory,TENSIONINGEQUIPMENT,An equipment used to maintain the tension of conductors or cables.
IfcDistributionBoard,Distribution Board,Class,IfcFlowController,,A distribution board is a flow controller in which instances of electrical or communication devices are brought together at a single place for a particular purpose.
IfcDistributionBoardCONSUMERUNIT,Consumer Unit,Class,IfcDistributionBoard,CONSUMERUNIT,"A distribution point on the incoming electrical supply, typically in domestic premises, at which protective devices are located."
IfcDistributionBoardDISPATCHINGBOARD,Dispatching Board,Class,IfcDistributionBoard,DISPATCHINGBOARD,A distribution point at which voice and data communication signals are managed between communication devices.
IfcDistributionBoardDISTRIBUTIONBOARD,Distribution Board,Class,IfcDistributionBoard,DISTRIBUTIONBOARD,A distribution point at which connections are made for distribution of electrical circuits usually through protective devices.
IfcDistributionBoardDISTRIBUTIONFRAME,Distribution Frame,Class,IfcDistributionBoard,DISTRIBUTIONFRAME,A distribution frame is used to interconnect and manage wiring between active equipment and subscriber. It might be composed of multiple distribution boards and other components.
IfcDistributionBoardMOTORCONTROLCENTRE,Motor Control Centre,Class,IfcDistributionBoard,MOTORCONTROLCENTRE,A distribution point at which starting and control devices for major plant items are located.
IfcDistributionBoardSWITCHBOARD,Switch Board,Class,IfcDistributionBoard,SWITCHBOARD,A distribution point at which switching devices are located.
IfcDistributionChamberElement,Distribution Chamber Element,Class,IfcDistributionFlowElement,,A distribution chamber element defines a place at which distribution systems and their constituent elements may be inspected or through which they may travel.
IfcDistributionChamberElementFORMEDDUCT,Formed Duct,Class,IfcDistributionChamberElement,FORMEDDUCT,"Space formed in the ground for the passage of pipes, cables, ducts."
IfcDistributionChamberElementINSPECTIONCHAMBER,Inspection Chamber,Class,IfcDistributionChamberElement,INSPECTIONCHAMBER,"Chamber constructed on a drain, sewer or pipeline with a removable cover that permits visible inspection."
IfcDistributionChamberElementINSPECTIONPIT,Inspection Pit,Class,IfcDistributionChamberElement,INSPECTIONPIT,Recess or chamber formed to permit access for inspection of substructure and services.
IfcDistributionChamberElementMANHOLE,Manhole,Class,IfcDistributionChamberElement,MANHOLE,"Chamber constructed on a drain, sewer or pipeline with a removable cover that permits the entry of a person."
IfcDistributionChamberElementMETERCHAMBER,Meter Chamber,Class,IfcDistributionChamberElement,METERCHAMBER,Chamber that houses a meter(s).
IfcDistributionChamberElementSUMP,Sump,Class,IfcDistributionChamberElement,SUMP,Recessed or small chamber into which liquid is drained to facilitate its collection for removal.
IfcDistributionChamberElementTRENCH,Trench,Class,IfcDistributionChamberElement,TRENCH,"Excavated chamber, the length of which typically exceeds the width."
IfcDistributionChamberElementVALVECHAMBER,Valve Chamber,Class,IfcDistributionChamberElement,VALVECHAMBER,Chamber that houses a valve(s).
IfcDistributionCircuit,Distribution Circuit,Class,IfcDistributionSystem,,A distribution circuit is a partition of a distribution system that is conditionally switched such as an electrical circuit.
IfcDistributionControlElement,Distribution Control Element,Class,IfcDistributionElement,,The distribution element [[IfcDistributionControlElement]] defines occurrence elements of a building automation control system that are used to impart control over elements of a distribution system.
IfcDistributionElement,Distribution Element,Class,IfcElement,,[[IfcDistributionElement]] is a generalization of all elements that participate in a distribution system.
IfcDistributionFlowElement,Distribution Flow Element,Class,IfcDistributionElement,,"The distribution element [[IfcDistributionFlowElement]] defines occurrence elements of a distribution system that facilitate the distribution of energy or matter, such as air, water or power."
IfcDistributionPort,Distribution Port,Class,IfcPort,,A distribution port is an inlet or outlet of a product through which a particular substance may flow.
IfcDistributionPortCABLE,Cable,Class,IfcDistributionPort,CABLE,Connection to cable segment or fitting for distribution of electricity.
IfcDistributionPortCABLECARRIER,Cable Carrier,Class,IfcDistributionPort,CABLECARRIER,Connection to cable carrier segment or fitting for enclosing cables.
IfcDistributionPortDUCT,Duct,Class,IfcDistributionPort,DUCT,Connection to duct segment or fitting for distribution of air.
IfcDistributionPortPIPE,Pipe,Class,IfcDistributionPort,PIPE,"Connection to pipe segment or fitting for distribution of solid, liquid, or gas."
IfcDistributionPortWIRELESS,Wire Less,Class,IfcDistributionPort,WIRELESS,Wireless connection to communication appliances for distribution of data or communication.
IfcDistributionSystem,Distribution System,Class,IfcSystem,,"A distribution system is a network designed to receive, store, maintain, distribute, or control the flow of a distribution media. A common example is a heating hot water system that consists of a pump, a tank, and an interconnected piping system for distributing hot water to terminals."
IfcDistributionSystemAIRCONDITIONING,Air Conditioning,Class,IfcDistributionSystem,AIRCONDITIONING,Conditioned air distribution system for purposes of maintaining a temperature range within one or more spaces.
IfcDistributionSystemAUDIOVISUAL,Audiovisual,Class,IfcDistributionSystem,AUDIOVISUAL,"A transport of a single media source, having audio and/or video streams."
IfcDistributionSystemCATENARY_SYSTEM,Catenary System,Class,IfcDistributionSystem,CATENARY_SYSTEM,"A longitudinal distribution system that supports contact wires, including catenary wire droppers and stich wires."
IfcDistributionSystemCHEMICAL,Chemical,Class,IfcDistributionSystem,CHEMICAL,"Arbitrary chemical further qualified by property set, such as for medical or industrial use."
IfcDistributionSystemCHILLEDWATER,Chilled Water,Class,IfcDistributionSystem,CHILLEDWATER,"Nonpotable chilled water, such as circulated through an evaporator."
IfcDistributionSystemCOMMUNICATION,Communication,Class,IfcDistributionSystem,COMMUNICATION,Communication
IfcDistributionSystemCOMPRESSEDAIR,Compressed Air,Class,IfcDistributionSystem,COMPRESSEDAIR,Compressed air system.
IfcDistributionSystemCONDENSERWATER,Condenser Water,Class,IfcDistributionSystem,CONDENSERWATER,"Nonpotable water, such as circulated through a condenser."
IfcDistributionSystemCONTROL,Control,Class,IfcDistributionSystem,CONTROL,A transport or network dedicated to control system usage.
IfcDistributionSystemCONVEYING,Conveying,Class,IfcDistributionSystem,CONVEYING,Arbitrary supply of substances.
IfcDistributionSystemDATA,Data,Class,IfcDistributionSystem,DATA,A network having general-purpose usage.
IfcDistributionSystemDISPOSAL,Disposal,Class,IfcDistributionSystem,DISPOSAL,Arbitrary disposal of substances.
IfcDistributionSystemDOMESTICCOLDWATER,Domestic Cold Water,Class,IfcDistributionSystem,DOMESTICCOLDWATER,Unheated potable water distribution system.
IfcDistributionSystemDOMESTICHOTWATER,Domestic Hot Water,Class,IfcDistributionSystem,DOMESTICHOTWATER,Heated potable water distribution system.
IfcDistributionSystemDRAINAGE,Drainage,Class,IfcDistributionSystem,DRAINAGE,Drainage collection system.
IfcDistributionSystemEARTHING,Earthing,Class,IfcDistributionSystem,EARTHING,"A path for equipotential bonding, conducting current to the ground."
IfcDistributionSystemELECTRICAL,Electrical,Class,IfcDistributionSystem,ELECTRICAL,A circuit for delivering electrical power.
IfcDistributionSystemELECTROACOUSTIC,Electro Acoustic,Class,IfcDistributionSystem,ELECTROACOUSTIC,An amplified audio signal such as for loudspeakers.
IfcDistributionSystemEXHAUST,Exhaust,Class,IfcDistributionSystem,EXHAUST,Exhaust air collection system for removing stale or noxious air from one or more spaces.
IfcDistributionSystemFIREPROTECTION,Fire Protection,Class,IfcDistributionSystem,FIREPROTECTION,Fire protection sprinkler system.
IfcDistributionSystemFIXEDTRANSMISSIONNETWORK,Fixed Transmission Network,Class,IfcDistributionSystem,FIXEDTRANSMISSIONNETWORK,"Represents all wired networks that provide a data transmission channel using optical fiber cables, copper cables or both. It aggregates many technologies that are based on the multiplexing method."
IfcDistributionSystemFUEL,Fuel,Class,IfcDistributionSystem,FUEL,Arbitrary supply of fuel.
IfcDistributionSystemGAS,Gas,Class,IfcDistributionSystem,GAS,Gas-phase materials such as methane or natural gas.
IfcDistributionSystemHAZARDOUS,Hazardous,Class,IfcDistributionSystem,HAZARDOUS,Hazardous material or fluid collection system.
IfcDistributionSystemHEATING,Heating,Class,IfcDistributionSystem,HEATING,[[Water]] or steam heated from a boiler and circulated through radiators.
IfcDistributionSystemLIGHTING,Light Ing,Class,IfcDistributionSystem,LIGHTING,"A circuit dedicated for lighting, such as a fixture having sockets for lamps."
IfcDistributionSystemLIGHTNINGPROTECTION,Lightning Protection,Class,IfcDistributionSystem,LIGHTNINGPROTECTION,A path for conducting lightning current to the ground.
IfcDistributionSystemMOBILENETWORK,Mobile Network,Class,IfcDistributionSystem,MOBILENETWORK,"Mobile network insures wireless communication by providing a secure platform for voice and data communication between infrastructure operators, including drivers, dispatchers, shunting team members and station controllers."
IfcDistributionSystemMONITORINGSYSTEM,Monitoring System,Class,IfcDistributionSystem,MONITORINGSYSTEM,Sensor-based system for building and infastructure environmental monitoring and control.
IfcDistributionSystemMUNICIPALSOLIDWASTE,Municipal Solid Waste,Class,IfcDistributionSystem,MUNICIPALSOLIDWASTE,"Items consumed and discarded, commonly known as trash or garbage."
IfcDistributionSystemOIL,Oil,Class,IfcDistributionSystem,OIL,Oil distribution system.
IfcDistributionSystemOPERATIONAL,Operational,Class,IfcDistributionSystem,OPERATIONAL,Operating supplies system.
IfcDistributionSystemOPERATIONALTELEPHONYSYSTEM,Operational Telephony System,Class,IfcDistributionSystem,OPERATIONALTELEPHONYSYSTEM,"A system that allows communications between operators (e.g. switchtender, traffic regulator, operational agents, etc.) in operational centers and on the infrastructure site (e.g. railway, tunnel or road)."
IfcDistributionSystemOVERHEAD_CONTACTLINE_SYSTEM,Overhead Contact Line System,Class,IfcDistributionSystem,OVERHEAD_CONTACTLINE_SYSTEM,An overhead contact line system above the upper limit of the train using an overhead contact line and a catenary system to supply current to traction units.
IfcDistributionSystemPOWERGENERATION,Power Generation,Class,IfcDistributionSystem,POWERGENERATION,A path for power generation.
IfcDistributionSystemRAINWATER,Rain Water,Class,IfcDistributionSystem,RAINWATER,Rainwater resulting from precipitation which directly falls on a parcel.
IfcDistributionSystemREFRIGERATION,Refrigeration,Class,IfcDistributionSystem,REFRIGERATION,Refrigerant distribution system for purposes of fulfilling all or parts of a refrigeration cycle.
IfcDistributionSystemRETURN_CIRCUIT,Return Circuit,Class,IfcDistributionSystem,RETURN_CIRCUIT,A distribution system which forms the intended path for the traction return current and the current under fault conditions.
IfcDistributionSystemSECURITY,Security,Class,IfcDistributionSystem,SECURITY,A transport or network dedicated to security system usage.
IfcDistributionSystemSEWAGE,Sewage,Class,IfcDistributionSystem,SEWAGE,Sewage collection system.
IfcDistributionSystemSIGNAL,Signal,Class,IfcDistributionSystem,SIGNAL,"A raw analog signal, such as modulated data or measurements from sensors."
IfcDistributionSystemSTORMWATER,Storm Water,Class,IfcDistributionSystem,STORMWATER,Stormwater resulting from precipitation which runs off or travels over the ground surface.
IfcDistributionSystemTELEPHONE,Telephone,Class,IfcDistributionSystem,TELEPHONE,A transport or network dedicated to telephone system usage.
IfcDistributionSystemTV,TV,Class,IfcDistributionSystem,TV,"A transport of multiple media sources such as analog cable TV, satellite TV, or over-the-air TV."
IfcDistributionSystemVACUUM,Vacuum,Class,IfcDistributionSystem,VACUUM,Vacuum distribution system.
IfcDistributionSystemVENT,Vent,Class,IfcDistributionSystem,VENT,Vent system for wastewater piping systems.
IfcDistributionSystemVENTILATION,Ventilation,Class,IfcDistributionSystem,VENTILATION,[[Ventilation]] air distribution system involved in either the exchange of air to the outside as well as circulation of air within a building.
IfcDistributionSystemWASTEWATER,Waste Water,Class,IfcDistributionSystem,WASTEWATER,"[[Water]] adversely affected in quality by anthropogenic influence, possibly originating from sewage, drainage, or other source."
IfcDistributionSystemWATERSUPPLY,Water Supply,Class,IfcDistributionSystem,WATERSUPPLY,Arbitrary water supply.
IfcDoor,Door,Class,IfcBuiltElement,,"The door is a built element that is predominately used to provide controlled access for people, goods, animals and vehicles. It includes constructions with hinged, pivoted, sliding, and additionally revolving and folding operations."
IfcDoorBOOM_BARRIER,Boom Barrier,Class,IfcDoor,BOOM_BARRIER,"A boom barrier (also known as a boom gate) is a bar, or pole pivoted to allow the boom to block vehicular or pedestrian access through a controlled point."
IfcDoorDOOR,Door,Class,IfcDoor,DOOR,"A standard door usually within a wall opening, as a door panel in a curtain wall, or as a 'free standing' door."
IfcDoorGATE,Gate,Class,IfcDoor,GATE,A gate is a point of entry into a space usually within an opening in a fence. Or as a 'free standing' gate.
IfcDoorTRAPDOOR,Trapdoor,Class,IfcDoor,TRAPDOOR,A special door that lies horizonally in a slab opening. Often used for accessing cellar or attic.
IfcDoorTURNSTILE,Turnstile,Class,IfcDoor,TURNSTILE,"A mechanical gate consisting of revolving arms, allowing only one person at a time to pass through."
IfcDuctFitting,Duct Fitting,Class,IfcFlowFitting,,"A duct fitting is a junction or transition in a ducted flow distribution system or used to connect duct segments, resulting in changes in flow characteristics to the fluid such as direction and flow rate."
IfcDuctFittingBEND,Bend,Class,IfcDuctFitting,BEND,A fitting with typically two ports used to change the direction of flow between connected elements.
IfcDuctFittingCONNECTOR,Connector,Class,IfcDuctFitting,CONNECTOR,"Connector fitting, typically used to join two ports together within a flow distribution system (e.g., a coupling used to join two duct segments)."
IfcDuctFittingENTRY,Entry,Class,IfcDuctFitting,ENTRY,"Entry fitting, typically unconnected at one port and connected to a flow distribution system at the other (e.g., an outside air duct system intake opening)."
IfcDuctFittingEXIT,Exit,Class,IfcDuctFitting,EXIT,"Exit fitting, typically unconnected at one port and connected to a flow distribution system at the other (e.g., an exhaust air discharge opening)."
IfcDuctFittingJUNCTION,Junction,Class,IfcDuctFitting,JUNCTION,"A fitting with typically more than two ports used to redistribute flow among the ports and/or to change the direction of flow between connected elements (e.g, tee, cross, wye, etc.)."
IfcDuctFittingOBSTRUCTION,Obstruction,Class,IfcDuctFitting,OBSTRUCTION,"A fitting with typically two ports used to obstruct or restrict flow between the connected elements (e.g., screen, perforated plate, etc.)."
IfcDuctFittingTRANSITION,Transition,Class,IfcDuctFitting,TRANSITION,A fitting with typically two ports having different shapes or sizes. Can also be used to change the direction of flow between connected elements.
IfcDuctSegment,Duct Segment,Class,IfcFlowSegment,,A duct segment is used to typically join two sections of duct network.
IfcDuctSegmentFLEXIBLESEGMENT,Flexible Segment,Class,IfcDuctSegment,FLEXIBLESEGMENT,A flexible segment is a continuous non-linear segment of duct that can be deformed and change the direction of flow.
IfcDuctSegmentRIGIDSEGMENT,Rigid Segment,Class,IfcDuctSegment,RIGIDSEGMENT,A rigid segment is a continuous linear segment of duct that cannot be deformed.
IfcDuctSilencer,Duct Silencer,Class,IfcFlowTreatmentDevice,,"A duct silencer is a device that is typically installed inside a duct distribution system for the purpose of reducing the noise levels from air movement, fan noise, etc. in the adjacent space or downstream of the duct silencer device."
IfcDuctSilencerFLATOVAL,Flat Oval,Class,IfcDuctSilencer,FLATOVAL,Flat-oval shaped duct silencer type.
IfcDuctSilencerRECTANGULAR,Rectangular,Class,IfcDuctSilencer,RECTANGULAR,Rectangular shaped duct silencer type.
IfcDuctSilencerROUND,Round,Class,IfcDuctSilencer,ROUND,Round duct silencer type.
IfcEarthworksCut,Earthworks Cut,Class,IfcFeatureElementSubtraction,,The resulting void from modification of existing terrain or road structure by excavation or by other means of removing material.
IfcEarthworksCutBASE_EXCAVATION,Base Excavation,Class,IfcEarthworksCut,BASE_EXCAVATION,"Excavation for basements of buildings, abutments of bridges or similar structures either partially or completely below ground level."
IfcEarthworksCutCUT,Cut,Class,IfcEarthworksCut,CUT,Excavation where soil or rock below topsoil is cut to the depth required for the construction of facilities such as roads and railways. The removed material can be used as fill ([[IfcEarthworksElement]]) for embankments or to form a level surface on which to build.
IfcEarthworksCutDREDGING,Dredging,Class,IfcEarthworksCut,DREDGING,Underwater excavation to recover material or to create a greater depth of water.
IfcEarthworksCutEXCAVATION,Excavation,Class,IfcEarthworksCut,EXCAVATION,General type of excavation when more accurate type is not specified.
IfcEarthworksCutOVEREXCAVATION,Over Excavation,Class,IfcEarthworksCut,OVEREXCAVATION,"Excavation that goes beyond the depth required for construction, in order to replace unsuitable material."
IfcEarthworksCutPAVEMENTMILLING,Pavement Milling,Class,IfcEarthworksCut,PAVEMENTMILLING,Removal of expired material from top of pavement to be replaced by new material.
IfcEarthworksCutSTEPEXCAVATION,Step Excavation,Class,IfcEarthworksCut,STEPEXCAVATION,"Removal of the soft part of the existing road slope, where it is dug into steps, when widening a road."
IfcEarthworksCutTOPSOILREMOVAL,Top Soil Removal,Class,IfcEarthworksCut,TOPSOILREMOVAL,Excavation where the topmost layer of soil containing organic material is cut or stripped. The removed topsoil can be used as fill (EarthworksElement) e.g. where planting is planned.
IfcEarthworksCutTRENCH,Trench,Class,IfcEarthworksCut,TRENCH,Excavation whose length greatly exceeds the depth and width. Trench is typically excavated for strip foundations or for buried services such as drainage or cabling.
IfcEarthworksElement,Earthworks Element,Class,IfcBuiltElement,,"A type of built element created by earthwork activities to build subgrade, to raise the level of the ground in general or reinforce or stabilize soil by some mechanical or chemical method."
IfcEarthworksFill,Earthworks Fill,Class,IfcEarthworksElement,,A type of earthworks element created by earthwork activities to build subgrade or to raise the level of the ground in general.
IfcEarthworksFillBACKFILL,Backfill,Class,IfcEarthworksFill,BACKFILL,"Fill behind retaining walls or other structures such as quays, behind abutments and bridges."
IfcEarthworksFillCOUNTERWEIGHT,Counterweight,Class,IfcEarthworksFill,COUNTERWEIGHT,Embankment built on the side of the main road structure to reduce the settlement of the road.
IfcEarthworksFillEMBANKMENT,Embankment,Class,IfcEarthworksFill,EMBANKMENT,Predominantly longitudinal type of earthworks element with no other particular assigned type according to its role in Pavement or Subgrade.;
IfcEarthworksFillSLOPEFILL,Slopefill,Class,IfcEarthworksFill,SLOPEFILL,[[Side]] slope (batter) fill abutting the road structure or back slope fill.
IfcEarthworksFillSUBGRADE,Subgrade,Class,IfcEarthworksFill,SUBGRADE,[[Type]] of earthworks element forming the structure below pavement and above natural soil.;
IfcEarthworksFillSUBGRADEBED,Subgrade Bed,Class,IfcEarthworksFill,SUBGRADEBED,"Upper part of the soil, natural or constructed, that supports the loads transmitted by the overlying structure of a road, runway, or similar hard surface."
IfcEarthworksFillTRANSITIONSECTION,Transition Section,Class,IfcEarthworksFill,TRANSITIONSECTION,Section of subgrade to ensure the consistency of stiffness and prevent uneven settlement. Transition section may appear e.g.embankment and bridge abutment; embankment and transverse structure; cutting and tunnel; embankment and cutting.
IfcElectricAppliance,Electric Appliance,Class,IfcFlowTerminal,,An electric appliance is a device intended for consumer usage that is powered by electricity.
IfcElectricApplianceDISHWASHER,Dishwasher,Class,IfcElectricAppliance,DISHWASHER,An appliance that has the primary function of washing dishes.
IfcElectricApplianceELECTRICCOOKER,Electric Cooker,Class,IfcElectricAppliance,ELECTRICCOOKER,"An electrical appliance that has the primary function of cooking food (including oven, hob, grill)."
IfcElectricApplianceFREESTANDINGELECTRICHEATER,Freestanding Electric Heater,Class,IfcElectricAppliance,FREESTANDINGELECTRICHEATER,An electrical appliance that is used occasionally to provide heat. A freestanding electric heater is a 'plugged' appliance whose load may be removed from an electric circuit.
IfcElectricApplianceFREESTANDINGFAN,Freestanding Fan,Class,IfcElectricAppliance,FREESTANDINGFAN,An electrical appliance that is used occasionally to provide ventilation. A freestanding fan is a 'plugged' appliance whose load may be removed from an electric circuit.
IfcElectricApplianceFREESTANDINGWATERCOOLER,Freestanding Water Cooler,Class,IfcElectricAppliance,FREESTANDINGWATERCOOLER,"A small, local electrical appliance for cooling water. A freestanding water cooler is a 'plugged' appliance whose load may be removed from an electric circuit."
IfcElectricApplianceFREESTANDINGWATERHEATER,Freestanding Water Heater,Class,IfcElectricAppliance,FREESTANDINGWATERHEATER,"A small, local electrical appliance for heating water. A freestanding water heater is a 'plugged' appliance whose load may be removed from an electric circuit."
IfcElectricApplianceFREEZER,Freezer,Class,IfcElectricAppliance,FREEZER,An electrical appliance that has the primary function of storing food at temperatures below the freezing point of water.
IfcElectricApplianceFRIDGE_FREEZER,Fridge Freezer,Class,IfcElectricAppliance,FRIDGE_FREEZER,An electrical appliance that combines the functions of a freezer and a refrigerator through the provision of separate compartments.
IfcElectricApplianceHANDDRYER,Hand Dryer,Class,IfcElectricAppliance,HANDDRYER,An electrical appliance that has the primary function of drying hands.
IfcElectricApplianceKITCHENMACHINE,Kitchen Machine,Class,IfcElectricAppliance,KITCHENMACHINE,A specialized appliance used in commercial kitchens such as a mixer.
IfcElectricApplianceMICROWAVE,Microwave,Class,IfcElectricAppliance,MICROWAVE,An electrical appliance that has the primary function of cooking food using microwaves.
IfcElectricAppliancePHOTOCOPIER,Photocopier,Class,IfcElectricAppliance,PHOTOCOPIER,A machine that has the primary function of reproduction of printed matter.
IfcElectricApplianceREFRIGERATOR,Refrigerator,Class,IfcElectricAppliance,REFRIGERATOR,An electrical appliance that has the primary function of storing food at low temperature but above the freezing point of water.
IfcElectricApplianceTUMBLEDRYER,Tumble Dryer,Class,IfcElectricAppliance,TUMBLEDRYER,An electrical appliance that has the primary function of drying clothes.
IfcElectricApplianceVENDINGMACHINE,Vending Machine,Class,IfcElectricAppliance,VENDINGMACHINE,"An appliance that stores and vends goods including food, drink, tickets, and goods of various types."
IfcElectricApplianceWASHINGMACHINE,Washing Machine,Class,IfcElectricAppliance,WASHINGMACHINE,An appliance that has the primary function of washing clothes.
IfcElectricFlowStorageDevice,Electric Flow Storage Device,Class,IfcFlowStorageDevice,,An electric flow storage device is a device in which electrical energy is stored and from which energy may be progressively released.
IfcElectricFlowStorageDeviceBATTERY,Battery,Class,IfcElectricFlowStorageDevice,BATTERY,A device for storing energy in chemical form so that it can be released as electrical energy.
IfcElectricFlowStorageDeviceCAPACITOR,Capacitor,Class,IfcElectricFlowStorageDevice,CAPACITOR,A device that stores electric charge when an external power supply is present using the electrical property of capacitance. Two-terminal device characterized essentially by its capacitance.;definition from IEC 60050 151-13-28.
IfcElectricFlowStorageDeviceCAPACITORBANK,Capacitorbank,Class,IfcElectricFlowStorageDevice,CAPACITORBANK,A device that stores electrical energy when an external power supply is present using the electrical property of capacitance.
IfcElectricFlowStorageDeviceCOMPENSATOR,Compensator,Class,IfcElectricFlowStorageDevice,COMPENSATOR,"A device that is used to fix or adjust the parameter of electric energy, such as voltage loss, power factor and so on."
IfcElectricFlowStorageDeviceHARMONICFILTER,Harmonic Filter,Class,IfcElectricFlowStorageDevice,HARMONICFILTER,A device that constantly injects currents that precisely correspond to the harmonic components drawn by the load.
IfcElectricFlowStorageDeviceINDUCTOR,Inductor,Class,IfcElectricFlowStorageDevice,INDUCTOR,"A device used in circuits or power systems due to their inductance, acting as a component of electric storage device."
IfcElectricFlowStorageDeviceINDUCTORBANK,Inductor Bank,Class,IfcElectricFlowStorageDevice,INDUCTORBANK,A device that stores electrical energy in a magnetic field using electrical property of inductance.
IfcElectricFlowStorageDeviceRECHARGER,Recharger,Class,IfcElectricFlowStorageDevice,RECHARGER,A recharger or battery charger is a device used to put energy into a secondary cell or rechargeable battery by forcing an electric current through it.
IfcElectricFlowStorageDeviceUPS,UPS,Class,IfcElectricFlowStorageDevice,UPS,A device that provides a time limited alternative source of power supply in the event of failure of the main supply.
IfcElectricFlowTreatmentDevice,Electric Flow Treatment Device,Class,IfcFlowTreatmentDevice,,An electric flow treatment device is used to remove unwanted matter from an electric or electronic signal in a flow distribution system.
IfcElectricFlowTreatmentDeviceELECTRONICFILTER,Electronic Filter,Class,IfcElectricFlowTreatmentDevice,ELECTRONICFILTER,"Linear two-port device designed to transmit spectral components of the input quantity according to a specified law, generally in order to pass the components in certain frequency bands and to attenuate those in other bands"
IfcElectricGenerator,Electric Generator,Class,IfcEnergyConversionDevice,,An electric generator is an engine that is a machine for converting mechanical energy into electrical energy.
IfcElectricGeneratorCHP,CHP,Class,IfcElectricGenerator,CHP,"Combined heat and power supply, used not only as a source of electric energy but also as a heating source for the building. It may therefore be not only part of an electrical system but also of a heating system."
IfcElectricGeneratorENGINEGENERATOR,Engine Generator,Class,IfcElectricGenerator,ENGINEGENERATOR,"Electrical generator with a fuel-driven engine, for example a diesel-driven emergency power supply."
IfcElectricGeneratorSTANDALONE,Standalone,Class,IfcElectricGenerator,STANDALONE,"Electrical generator which does not include its source of kinetic energy, that is, a motor, engine, or turbine are all modeled separately."
IfcElectricMotor,Electric Motor,Class,IfcEnergyConversionDevice,,An electric motor is an engine that is a machine for converting electrical energy into mechanical energy.
IfcElectricMotorDC,DC,Class,IfcElectricMotor,DC,A motor using either generated or rectified Direct [[Current]] (DC) power.
IfcElectricMotorINDUCTION,Induction,Class,IfcElectricMotor,INDUCTION,"An alternating current motor in which the primary winding on one member (usually the stator) is connected to the power source and a secondary winding or a squirrel-cage secondary winding on the other member (usually the rotor) carries the induced current. There is no physical electrical connection to the secondary winding, its current is induced."
IfcElectricMotorPOLYPHASE,Polyphase,Class,IfcElectricMotor,POLYPHASE,"A two or three-phase induction motor in which the windings, one for each phase, are evenly divided by the same number of electrical degrees."
IfcElectricMotorRELUCTANCESYNCHRONOUS,Reluctance Synchronous,Class,IfcElectricMotor,RELUCTANCESYNCHRONOUS,"A synchronous motor with a special rotor design which directly lines the rotor up with the rotating magnetic field of the stator, allowing for no slip under load."
IfcElectricMotorSYNCHRONOUS,Synchronous,Class,IfcElectricMotor,SYNCHRONOUS,A motor that operates at a constant speed up to full load. The rotor speed is equal to the speed of the rotating magnetic field of the stator; there is no slip.
IfcElectricTimeControl,Electric Time Control,Class,IfcFlowController,,An electric time control is a device that applies control to the provision or flow of electrical energy over time.
IfcElectricTimeControlRELAY,Relay,Class,IfcElectricTimeControl,RELAY,Electromagnetically operated contactor for making or breaking a control circuit.
IfcElectricTimeControlTIMECLOCK,Time Clock,Class,IfcElectricTimeControl,TIMECLOCK,A control that causes action to occur at set times.
IfcElectricTimeControlTIMEDELAY,Time Delay,Class,IfcElectricTimeControl,TIMEDELAY,A control that causes action to occur following a set duration.
IfcElement,Element,Class,IfcProduct,,An element is a generalization of all components that make up a facility.
IfcElementAssembly,Element Assembly,Class,IfcElement,Assembly,"The [[IfcElementAssembly]] represents complex element assemblies aggregated from several elements, such as discrete elements, building elements, or other elements."
IfcElementAssemblyABUTMENT,Abutment,Class,IfcElementAssembly,ABUTMENT,"A bridge abutment built up of walls, beams, slabs etc."
IfcElementAssemblyACCESSORY_ASSEMBLY,Accessory Assembly,Class,IfcElementAssembly,ACCESSORY_ASSEMBLY,Assembled accessories or components.
IfcElementAssemblyARCH,Arch,Class,IfcElementAssembly,ARCH,A curved structure.
IfcElementAssemblyBEAM_GRID,Beam Grid,Class,IfcElementAssembly,BEAM_GRID,"Interconnected beams, located in one (typically horizontal) plane."
IfcElementAssemblyBRACED_FRAME,Braced Frame,Class,IfcElementAssembly,BRACED_FRAME,A rigid frame with additional bracing members.
IfcElementAssemblyCROSS_BRACING,Cross Bracing,Class,IfcElementAssembly,CROSS_BRACING,"A Structural linear member or assembly of members inside a box girder or between girders, typically on a pier, to resist lateral forces and transfer them to the support."
IfcElementAssemblyDECK,Deck,Class,IfcElementAssembly,DECK,"A platform (such as floor or bridge deck) built up of beams, slabs."
IfcElementAssemblyDILATATIONPANEL,Dilatation Panel,Class,IfcElementAssembly,DILATATIONPANEL,"Device which permits longitudinal relative rail movement of two adjacent rails, while maintaining correct guidance and support."
IfcElementAssemblyENTRANCEWORKS,Entrance Works,Class,IfcElementAssembly,ENTRANCEWORKS,"An assembly forming the support structure of a chamber (lock, dock) gate and associated elements, plus the containment of operational equipment."
IfcElementAssemblyGIRDER,Girder,Class,IfcElementAssembly,GIRDER,"A beam-like superstructure, such as bridge main girder extending between abutments and piers built up of beams, braces (as Members) etc. - may also be an aggregation of girder segments."
IfcElementAssemblyGRID,Grid,Class,IfcElementAssembly,GRID,A framework of spaced cables or bars that are parallel to or cross each other.
IfcElementAssemblyMAST,Mast,Class,IfcElementAssembly,MAST,"An assembly of plates, members, cables or fasteners that form a vertical structure for the support or mounting of other equipment such as lights, sonar or wireless transmitters."
IfcElementAssemblyPIER,Pier,Class,IfcElementAssembly,PIER,"An intermediate support e.g. in a bridge, built up of walls, columns, beams etc."
IfcElementAssemblyPYLON,Pylon,Class,IfcElementAssembly,PYLON,A vertical structure supporting cables in suspended or stayed structure.
IfcElementAssemblyRAIL_MECHANICAL_EQUIPMENT_ASSEMB,Rail Mechanical Equipment Assembly,Class,IfcElementAssembly,RAIL_MECHANICAL_EQUIPMENT_ASSEMB,"A complex assembly made up of several components like blocking device, speed regulator, bias loaded inspector, track scale or controllable retarder."
IfcElementAssemblyREINFORCEMENT_UNIT,Reinforcement Unit,Class,IfcElementAssembly,REINFORCEMENT_UNIT,Assembled reinforcement elements.
IfcElementAssemblyRIGID_FRAME,Rigid Frame,Class,IfcElementAssembly,RIGID_FRAME,"A structure built up of beams, columns, etc. with moment-resisting joints, such as gantry"
IfcElementAssemblySHELTER,Shelter,Class,IfcElementAssembly,SHELTER,"A structure, fairly quick to setup, move or dismantle, used to give protection, especially from the weather or intrusion."
IfcElementAssemblySIGNALASSEMBLY,Signal Assembly,Class,IfcElementAssembly,SIGNALASSEMBLY,An assembly to physically aggregate together one or more signal instances (and also sign instances) including any supporting structural elements such as a simple pole or a rigid frame gantry.
IfcElementAssemblySLAB_FIELD,Slab Field,Class,IfcElementAssembly,SLAB_FIELD,"Slabs, laid out in one plane."
IfcElementAssemblySUMPBUSTER,Sump Buster,Class,IfcElementAssembly,SUMPBUSTER,An obstacle (with oil catchment basin) installed typically in a bus lane to prevent other traffic with lower ground clearance from using it. Also Sump breaker or Sump trap.
IfcElementAssemblySUPPORTINGASSEMBLY,Supporting Assembly,Class,IfcElementAssembly,SUPPORTINGASSEMBLY,"An assembly intends to support Overhead Contact Line [[System]]. It includes foundation, supporting elements and suspension assembly."
IfcElementAssemblySUSPENSIONASSEMBLY,Suspension Assembly,Class,IfcElementAssembly,SUSPENSIONASSEMBLY,A complex assembly of components used to suspend elements or cable segments.
IfcElementAssemblyTRACKPANEL,Track Panel,Class,IfcElementAssembly,TRACKPANEL,"Trackwork ensuring the support and guidance of a vehicle along a route. It consists of assembly of rail, sleepers and fastenings."
IfcElementAssemblyTRACTION_SWITCHING_ASSEMBLY,Traction Switching Assembly,Class,IfcElementAssembly,TRACTION_SWITCHING_ASSEMBLY,"A common assembly used to insure the switching function. It is composed of switches, control instruments and other components."
IfcElementAssemblyTRAFFIC_CALMING_DEVICE,Traffic Calming Device,Class,IfcElementAssembly,TRAFFIC_CALMING_DEVICE,A structure on the carriageway to control the speed of vehicles.
IfcElementAssemblyTRUSS,Truss,Class,IfcElementAssembly,TRUSS,A structure built up of members with (quasi) pinned joint.
IfcElementAssemblyTURNOUTPANEL,Turnout Panel,Class,IfcElementAssembly,TURNOUTPANEL,Trackwork ensuring the support and guidance of a vehicle along any given route among various diverging or intersecting tracks.
IfcElementComponent,Element Component,Class,IfcElement,Component,"An element component is a representation for minor items included in, added to or connecting to or between elements, which usually are not of interest from the overall building structure viewpoint. However, these small parts may have vital and load carrying functions within the construction. These items do not provide any actual space boundaries. Typical examples of _IfcElementComponent_s include different kinds of fasteners and various accessories."
IfcEnergyConversionDevice,Energy Conversion Device,Class,IfcDistributionFlowElement,,The distribution flow element [[IfcEnergyConversionDevice]] defines the occurrence of a device used to perform energy conversion or heat transfer and typically participates in a flow distribution system. Its type is defined by IfcEnergyConversionDeviceType or its subtypes.
IfcEngine,Engine,Class,IfcEnergyConversionDevice,,An engine is a device that converts fuel into mechanical energy through combustion.
IfcEngineEXTERNALCOMBUSTION,External Combustion,Class,IfcEngine,EXTERNALCOMBUSTION,Combustion is external.
IfcEngineINTERNALCOMBUSTION,Internal Combustion,Class,IfcEngine,INTERNALCOMBUSTION,Combustion is internal.
IfcEvaporativeCooler,Evaporative Cooler,Class,IfcEnergyConversionDevice,,An evaporative cooler is a device that cools air by saturating it with water vapor.
IfcEvaporativeCoolerDIRECTEVAPORATIVEAIRWASHER,Direct Evaporative Air Washer,Class,IfcEvaporativeCooler,DIRECTEVAPORATIVEAIRWASHER,"Cools the air stream by evaporating water dircectly into the air stream using coolers with spray-type air washer consist of a chamber or casing containing spray nozzles, and tank for collecting spray water, and an eliminator section for removing entrained drops of water from the air."
IfcEvaporativeCoolerDIRECTEVAPORATIVEPACKAGEDROTAR,Direct Evaporative Packaged Rotary Air Cooler,Class,IfcEvaporativeCooler,DIRECTEVAPORATIVEPACKAGEDROTAR,Cools the air stream by evaporating water dircectly into the air stream using coolers that wet and wash the evaporative pad by rotating it through a water bath.
IfcEvaporativeCoolerDIRECTEVAPORATIVERANDOMMEDIAAI,Direct Evaporative Random Media Air Cooler,Class,IfcEvaporativeCooler,DIRECTEVAPORATIVERANDOMMEDIAAI,"Cools the air stream by evaporating water dircectly into the air stream using coolers with evaporative pads, usually of aspen wood or plastic fiber/foam."
IfcEvaporativeCoolerDIRECTEVAPORATIVERIGIDMEDIAAIR,Direct Evaporative Rigid Media Air Cooler,Class,IfcEvaporativeCooler,DIRECTEVAPORATIVERIGIDMEDIAAIR,"Cools the air stream by evaporating water dircectly into the air stream using coolers with sheets of rigid, corrugated material as the wetted surface."
IfcEvaporativeCoolerDIRECTEVAPORATIVESLINGERSPACKA,Direct Evaporative Slingers Packaged Air Cooler,Class,IfcEvaporativeCooler,DIRECTEVAPORATIVESLINGERSPACKA,Cools the air stream by evaporating water dircectly into the air stream using coolers with a water slinger in an evaporative cooling section and a fan section.
IfcEvaporativeCoolerINDIRECTDIRECTCOMBINATION,Indirect Direct Combination,Class,IfcEvaporativeCooler,INDIRECTDIRECTCOMBINATION,Cools the air stream by evaporating water indirectly and without adding moisture into the air stream using a two-stage cooler with a first-stage indirect evaporative cooler and second-stage direct evaporative cooler.
IfcEvaporativeCoolerINDIRECTEVAPORATIVECOOLINGTOWE,Indirect Evaporative Cooling Tower or Coil Cooler,Class,IfcEvaporativeCooler,INDIRECTEVAPORATIVECOOLINGTOWE,Cools the air stream by evaporating water indirectly and without adding moisture into the air stream using a combination of a cooling tower or other evaporative water cooler with a water-to-air heat exchanger coil and water circulating pump.
IfcEvaporativeCoolerINDIRECTEVAPORATIVEPACKAGEAIRC,Indirect Evaporative Package Air Cooler,Class,IfcEvaporativeCooler,INDIRECTEVAPORATIVEPACKAGEAIRC,"Cools the air stream by evaporating water indirectly and without adding moisture into the air stream. On one side of the heat exchanger, the secondary air stream is cooled by evaporation, while on the other side of heat exchanger, the primary air stream (conditioned air to be supplied to the room) is sensibly cooled by the heat exchanger surfaces."
IfcEvaporativeCoolerINDIRECTEVAPORATIVEWETCOIL,Indirect Evaporative Wet Coil,Class,IfcEvaporativeCooler,INDIRECTEVAPORATIVEWETCOIL,Cools the air stream by evaporating water indirectly and without adding moisture into the air stream. [[Water]] is sprayed directly on the tubes of the heat exchanger where latent cooling takes place and the vaporization of the water on the outside of the heat exchanger tubes allows the simultaneous heat and mass transfer which removes heat from the supply air on the tube side.
IfcEvaporator,Evaporator,Class,IfcEnergyConversionDevice,,An evaporator is a device in which a liquid refrigerent is vaporized and absorbs heat from the surrounding fluid.
IfcEvaporatorDIRECTEXPANSION,Direct Expansion,Class,IfcEvaporator,DIRECTEXPANSION,Direct-expansion evaporator.
IfcEvaporatorDIRECTEXPANSIONBRAZEDPLATE,Direct Expansion Brazed Plate,Class,IfcEvaporator,DIRECTEXPANSIONBRAZEDPLATE,Direct-expansion evaporator where a refrigerant evaporates inside plates brazed or welded together to make up an assembly of separate channels.
IfcEvaporatorDIRECTEXPANSIONSHELLANDTUBE,Direct Expansion Shell and Tube,Class,IfcEvaporator,DIRECTEXPANSIONSHELLANDTUBE,Direct-expansion evaporator where a refrigerant evaporates inside a series of baffles that channel the fluid throughout the shell side.
IfcEvaporatorDIRECTEXPANSIONTUBEINTUBE,Direct Expansion Tube In Tube,Class,IfcEvaporator,DIRECTEXPANSIONTUBEINTUBE,Direct-expansion evaporator where a refrigerant evaporates inside one or more pairs of coaxial tubes.
IfcEvaporatorFLOODEDSHELLANDTUBE,Flooded Shell and Tube,Class,IfcEvaporator,FLOODEDSHELLANDTUBE,Evaporator in which refrigerant evaporates outside tubes.
IfcEvaporatorSHELLANDCOIL,Shell and Coil,Class,IfcEvaporator,SHELLANDCOIL,Evaporator in which refrigerant evaporates inside a simple coiled tube immersed in the fluid to be cooled.
IfcEvent,Event,Class,IfcProcess,,An [[IfcEvent]] is something that happens that triggers an action or response.
IfcEventENDEVENT,End Event,Class,IfcEvent,ENDEVENT,A terminating event of a process.
IfcEventINTERMEDIATEEVENT,Intermediate Event,Class,IfcEvent,INTERMEDIATEEVENT,An event that occurs at an intermediate stage of a process.
IfcEventSTARTEVENT,Start Event,Class,IfcEvent,STARTEVENT,An initiating event of a process.
IfcExternalSpatialElement,External Spatial Element,Class,IfcExternalSpatialStructureElement,,The external spatial element defines external regions at the building site.
IfcExternalSpatialElementEXTERNAL,External,Class,IfcExternalSpatialElement,EXTERNAL,External air space around the building.
IfcExternalSpatialElementEXTERNAL_EARTH,External Earth,Class,IfcExternalSpatialElement,EXTERNAL_EARTH,External volume covered by earth around the building.
IfcExternalSpatialElementEXTERNAL_FIRE,External Fire,Class,IfcExternalSpatialElement,EXTERNAL_FIRE,Space occupied by a neighboring building.
IfcExternalSpatialElementEXTERNAL_WATER,External Water,Class,IfcExternalSpatialElement,EXTERNAL_WATER,External volume covered with water around the building.
IfcExternalSpatialStructureElement,External Spatial Structure Element,Class,IfcSpatialElement,,"The external spatial structure element is an abstract entity provided for different kind of external spaces, regions, and volumes."
IfcFacility,Facility,Class,IfcSpatialStructureElement,,"A Facility (derived from [[IfcSpatialStructureElement]]) may be an [[IfcBuilding]], an [[IfcBridge]], an [[IfcRailway]], an [[IfcRoad]], an [[IfcMarineFacility]] (or any other type of built facility defined in the future, such as IfcTunnel)."
IfcFacilityPart,Facility Part,Class,IfcSpatialStructureElement,,[[IfcFacilityPart]] provides for spatial breakdown of built facilities. It may be further specialised according to the type of facility being broken down.
IfcFacilityPartCommon,Facility Part Common,Class,IfcFacilityPart,Common,A part that is not clearly part of one domain but is a hybrid and has shared responsibilities in multiple domains.
IfcFacilityPartCommonABOVEGROUND,Above Ground,Class,IfcFacilityPartCommon,ABOVEGROUND,A vertical facility part for elements belonging to the space above the finished ground.
IfcFacilityPartCommonBELOWGROUND,Below Ground,Class,IfcFacilityPartCommon,BELOWGROUND,A vertical facility part for the containment of elements below the finished ground. This may include for example earthworks elements and elements in a pavement structure.
IfcFacilityPartCommonJUNCTION,Junction,Class,IfcFacilityPartCommon,JUNCTION,A longitudinal facility part providing an at grade junction between two or more segments of longitudinal facilities usually of the same type.
IfcFacilityPartCommonLEVELCROSSING,Level Crossing,Class,IfcFacilityPartCommon,LEVELCROSSING,A longitudinal facility part providing an at grade crossing between two or more different modes of transport e.g. road and railway or road and pedestrian.
IfcFacilityPartCommonSEGMENT,Segment,Class,IfcFacilityPartCommon,SEGMENT,"A longitudinal facility part encompassing a linear portion of the facility defined by some uniform characteristics, or a transition between segments of uniform characteristics."
IfcFacilityPartCommonSUBSTRUCTURE,Sub Structure,Class,IfcFacilityPartCommon,SUBSTRUCTURE,A vertical facility part comprising of an underlying or supporting structure. this can be above or below finished ground level.
IfcFacilityPartCommonSUPERSTRUCTURE,Super Structure,Class,IfcFacilityPartCommon,SUPERSTRUCTURE,"A vertical facility part comprising of the upper volume of a structure, usually forming the volume of operation or the receiving of live loading."
IfcFacilityPartCommonTERMINAL,Terminal,Class,IfcFacilityPartCommon,TERMINAL,"A longitudinal facility part that represents a termination segment of a longitudinal facility such as the end of a breakwater, road or rail section."
IfcFan,Fan,Class,IfcFlowMovingDevice,,A fan is a device which imparts mechanical work on a gas. A typical usage of a fan is to induce airflow in a building services air distribution system.
IfcFanCENTRIFUGALAIRFOIL,Centrifugal Air Foil,Class,IfcFan,CENTRIFUGALAIRFOIL,Air flows through the impeller radially using blades that are airfoil shaped.
IfcFanCENTRIFUGALBACKWARDINCLINEDCURVED,Centrifugal Backward Inclined Curved,Class,IfcFan,CENTRIFUGALBACKWARDINCLINEDCURVED,Air flows through the impeller radially using blades that are backward curved.
IfcFanCENTRIFUGALFORWARDCURVED,Centrifugal Forward Curved,Class,IfcFan,CENTRIFUGALFORWARDCURVED,Air flows through the impeller radially using blades that are forward curved.
IfcFanCENTRIFUGALRADIAL,Centrifugal Radial,Class,IfcFan,CENTRIFUGALRADIAL,Air flows through the impeller radially using blades that are uncurved or slightly forward curved.
IfcFanPROPELLORAXIAL,Propellor Axial,Class,IfcFan,PROPELLORAXIAL,Air flows through the impeller axially and small hub-to-tip ratio impeller mounted in an orifice plate or inlet ring.
IfcFanTUBEAXIAL,Tube Axial,Class,IfcFan,TUBEAXIAL,Air flows through the impeller axially with reduced tip clearance and operating at higher tip speeds.
IfcFanVANEAXIAL,Vane Axial,Class,IfcFan,VANEAXIAL,Air flows through the impeller axially with guide vanes and reduced running blade tip clearance.
IfcFastener,Fastener,Class,IfcElementComponent,,Representations of fixing parts which are used as fasteners to connect or join elements with other elements. Excluded are mechanical fasteners which are modeled by a separate entity ([[IfcMechanicalFastener]]).
IfcFastenerGLUE,Glue,Class,IfcFastener,GLUE,A fastening connection where glue is used to join together elements.
IfcFastenerMORTAR,Mortar,Class,IfcFastener,MORTAR,A composition of mineralic or other materials used to fill jointing gaps and possibly fulfilling a load carrying role.
IfcFastenerWELD,Weld,Class,IfcFastener,WELD,A weld seam between parts of metallic material or other suitable materials.
IfcFeatureElement,Feature Element,Class,IfcElement,,A feature element is a generalization of all existence dependent elements which modify the shape and appearance of the associated master element. The [[IfcFeatureElement]] offers the ability to handle shape modifiers as semantic objects within the IFC object model.
IfcFeatureElementAddition,Feature Element Addition,Class,IfcFeatureElement,Addition,"A feature element addition is a specialization of the general feature element, that represents an existence dependent element which modifies the shape and appearance of the associated master element. The [[IfcFeatureElementAddition]] offers the ability to handle shape modifiers as semantic objects within the IFC object model that add to the shape of the master element."
IfcFeatureElementSubtraction,Feature Element Subtraction,Class,IfcFeatureElement,Subtraction,"The [[IfcFeatureElementSubtraction]] is specialization of the general feature element, that represents an existence dependent element which modifies the shape and appearance of the associated master element. The [[IfcFeatureElementSubtraction]] offers the ability to handle shape modifiers as semantic objects within the IFC object model that subtract from the shape of the master element."
IfcFilter,Filter,Class,IfcFlowTreatmentDevice,,A filter is an apparatus used to remove particulate or gaseous matter from fluids and gases.
IfcFilterAIRPARTICLEFILTER,Air Particle Filter,Class,IfcFilter,AIRPARTICLEFILTER,A filter used to remove particulates from air.
IfcFilterCOMPRESSEDAIRFILTER,Compressed Air Filter,Class,IfcFilter,COMPRESSEDAIRFILTER,A filter used to remove particulates from compressed air.
IfcFilterODORFILTER,Odor Filter,Class,IfcFilter,ODORFILTER,A filter used to remove odors from air.
IfcFilterOILFILTER,Oil Filter,Class,IfcFilter,OILFILTER,A filter used to remove particulates from oil.
IfcFilterSTRAINER,St Rain Er,Class,IfcFilter,STRAINER,A filter used to remove particulates from a fluid.
IfcFilterWATERFILTER,Water Filter,Class,IfcFilter,WATERFILTER,A filter used to remove particulates from water.
IfcFireSuppressionTerminal,Fire Suppression Terminal,Class,IfcFlowTerminal,,A fire suppression terminal has the purpose of delivering a fluid (gas or liquid) that will suppress a fire.
IfcFireSuppressionTerminalBREECHINGINLET,Breeching Inlet,Class,IfcFireSuppressionTerminal,BREECHINGINLET,Symmetrical pipe fitting that unites two or more inlets into a single pipe. A breeching inlet may be used on either a wet or dry riser. Used by fire services personnel for fast connection of fire appliance hose reels. May also be used for foam.
IfcFireSuppressionTerminalFIREHYDRANT,Fire Hydrant,Class,IfcFireSuppressionTerminal,FIREHYDRANT,"Device, fitted to a pipe, through which a temporary supply of water may be provided. May also be termed a stand pipe."
IfcFireSuppressionTerminalFIREMONITOR,Fire Monitor,Class,IfcFireSuppressionTerminal,FIREMONITOR,Fire monitor.
IfcFireSuppressionTerminalHOSEREEL,Hose Reel,Class,IfcFireSuppressionTerminal,HOSEREEL,A supporting framework on which a hose may be wound.
IfcFireSuppressionTerminalSPRINKLER,Sprinkler,Class,IfcFireSuppressionTerminal,SPRINKLER,Device for sprinkling water from a pipe under pressure over an area.
IfcFireSuppressionTerminalSPRINKLERDEFLECTOR,Sprinkler Deflector,Class,IfcFireSuppressionTerminal,SPRINKLERDEFLECTOR,Device attached to a sprinkler to deflect the water flow into a spread pattern to cover the required area.
IfcFlowController,Flow Controller,Class,IfcDistributionFlowElement,,"The distribution flow element [[IfcFlowController]] defines the occurrence of elements of a distribution system that are used to regulate flow through a distribution system. Examples include dampers, valves, switches, and relays. Its type is defined by IfcFlowControllerType or subtypes."
IfcFlowFitting,Flow Fitting,Class,IfcDistributionFlowElement,,"The distribution flow element [[IfcFlowFitting]] defines the occurrence of a junction or transition in a flow distribution system, such as an elbow or tee. Its type is defined by IfcFlowFittingType or its subtypes."
IfcFlowInstrument,Flow Instrument,Class,IfcDistributionControlElement,,"A flow instrument reads and displays the value of a particular property of a system at a point, or displays the difference in the value of a property between two points."
IfcFlowInstrumentAMMETER,AM Meter,Class,IfcFlowInstrument,AMMETER,A device that reads and displays the current flow in a circuit.
IfcFlowInstrumentCOMBINED,Combined,Class,IfcFlowInstrument,COMBINED,"A device that reads and displays the value of multiple properties of a system at a point, or displays the difference in the value of a property between two points."
IfcFlowInstrumentFREQUENCYMETER,Frequency Meter,Class,IfcFlowInstrument,FREQUENCYMETER,A device that reads and displays the electrical frequency of an alternating current circuit.
IfcFlowInstrumentPHASEANGLEMETER,Phaseangle Meter,Class,IfcFlowInstrument,PHASEANGLEMETER,A device that reads and displays the phase angle of a phase in a polyphase electrical circuit.
IfcFlowInstrumentPOWERFACTORMETER,Powerfactor Meter,Class,IfcFlowInstrument,POWERFACTORMETER,A device that reads and displays the power factor of an electrical circuit.
IfcFlowInstrumentPRESSUREGAUGE,Pressure Gauge,Class,IfcFlowInstrument,PRESSUREGAUGE,A device that reads and displays a pressure value at a point or the pressure difference between two points.
IfcFlowInstrumentTHERMOMETER,Thermo Meter,Class,IfcFlowInstrument,THERMOMETER,A device that reads and displays a temperature value at a point.
IfcFlowInstrumentVOLTMETER,Volt Meter,Class,IfcFlowInstrument,VOLTMETER,A device that measures and displays the voltage in a circuit.
IfcFlowInstrumentVOLTMETER_PEAK,Volt Meter Peak,Class,IfcFlowInstrument,VOLTMETER_PEAK,A device that reads and displays the peak voltage in an electrical circuit.
IfcFlowInstrumentVOLTMETER_RMS,Volt Meter Rms,Class,IfcFlowInstrument,VOLTMETER_RMS,A device that reads and displays the RMS (mean) voltage in an electrical circuit.
IfcFlowMeter,Flow Meter,Class,IfcFlowController,,A flow meter is a device that is used to measure the flow rate in a system.
IfcFlowMeterENERGYMETER,Energy Meter,Class,IfcFlowMeter,ENERGYMETER,"An electric meter or energy meter is a device that measures the amount of electrical energy supplied to or produced by a residence, business or machine."
IfcFlowMeterGASMETER,Gas Meter,Class,IfcFlowMeter,GASMETER,A device that measures the quantity of a gas or fuel.
IfcFlowMeterOILMETER,Oil Meter,Class,IfcFlowMeter,OILMETER,A device that measures the quantity of oil.
IfcFlowMeterWATERMETER,Water Meter,Class,IfcFlowMeter,WATERMETER,A device that measures the quantity of water.
IfcFlowMovingDevice,Flow Moving Device,Class,IfcDistributionFlowElement,,"The distribution flow element [[IfcFlowMovingDevice]] defines the occurrence of an apparatus used to distribute, circulate or perform conveyance of fluids, including liquids and gases (such as a pump or fan), and typically participates in a flow distribution system. Its type is defined by IfcFlowMovingDeviceType or its subtypes."
IfcFlowSegment,Flow Segment,Class,IfcDistributionFlowElement,,The distribution flow element [[IfcFlowSegment]] defines the occurrence of a segment of a flow distribution system.
IfcFlowStorageDevice,Flow Storage Device,Class,IfcDistributionFlowElement,,The distribution flow element [[IfcFlowStorageDevice]] defines the occurrence of a device that participates in a distribution system and is used for temporary storage (such as a tank). Its type is defined by IfcFlowStorageDeviceType or its subtypes.
IfcFlowTerminal,Flow Terminal,Class,IfcDistributionFlowElement,,"The distribution flow element [[IfcFlowTerminal]] defines the occurrence of a permanently attached element that acts as a terminus or beginning of a distribution system (such as an air outlet, drain, water closet, or sink). A terminal is typically a point at which a system interfaces with an external environment. Its type is defined by IfcFlowTerminalType or its subtypes."
IfcFlowTreatmentDevice,Flow Treatment Device,Class,IfcDistributionFlowElement,,"The distribution flow element [[IfcFlowTreatmentDevice]] defines the occurrence of a device typically used to remove unwanted matter from a fluid, either liquid or gas, and typically participates in a flow distribution system. Its type is defined by IfcFlowTreatmentDeviceType or its subtypes."
IfcFooting,Footing,Class,IfcBuiltElement,,"A footing is a part of the foundation of a structure that spreads and transmits the load to the soil. A footing is also characterized as shallow foundation, where the loads are transferred to the ground near the surface."
IfcFootingCAISSON_FOUNDATION,Caisson Foundation,Class,IfcFooting,CAISSON_FOUNDATION,A foundation construction type used in underwater construction.
IfcFootingFOOTING_BEAM,Footing Beam,Class,IfcFooting,FOOTING_BEAM,"Footing elements that are in bending and are supported clear of the ground. They will normally span between piers, piles or pile caps. They are distinguished from beams in the building superstructure since they will normally require a lower grade of finish. They are distinguished from STRIP_FOOTING since they are clear of the ground surface and hence require support to the lower face while the concrete is curing."
IfcFootingPAD_FOOTING,Pad Footing,Class,IfcFooting,PAD_FOOTING,An element that transfers the load of a single column (possibly two) to the ground.
IfcFootingPILE_CAP,Pile Cap,Class,IfcFooting,PILE_CAP,An element that transfers the load from a column or group of columns to a pier or pile or group of piers or piles.
IfcFootingSTRIP_FOOTING,Strip Footing,Class,IfcFooting,STRIP_FOOTING,"A linear element that transfers loads into the ground from either a continuous element, such as a wall, or from a series of elements, such as columns."
IfcFurnishingElement,Furnishing Element,Class,IfcElement,,A furnishing element is a generalization of all furniture related objects. Furnishing objects are characterized as being
IfcFurniture,Furniture,Class,IfcFurnishingElement,,"Furniture defines complete furnishings such as a table, desk, chair, or cabinet, which may or may not be permanently attached to a building structure."
IfcFurnitureBED,Bed,Class,IfcFurniture,BED,Furniture for sleeping.
IfcFurnitureCHAIR,Chair,Class,IfcFurniture,CHAIR,Furniture for seating a single person.
IfcFurnitureDESK,Desk,Class,IfcFurniture,DESK,Furniture with a countertop and optional drawers for a single person.
IfcFurnitureFILECABINET,File Cabinet,Class,IfcFurniture,FILECABINET,Furniture with sliding drawers for storing files.
IfcFurnitureSHELF,Shelf,Class,IfcFurniture,SHELF,Furniture for storing books or other items.
IfcFurnitureSOFA,Sofa,Class,IfcFurniture,SOFA,Furniture for seating multiple people.
IfcFurnitureTABLE,Table,Class,IfcFurniture,TABLE,Furniture with a countertop for multiple people.
IfcFurnitureTECHNICALCABINET,Technical Cabinet,Class,IfcFurniture,TECHNICALCABINET,"A technical cabinet is a piece of furniture for holding, displaying and protecting technical appliances, usually organized in shelves, drawers or racks."
IfcGeographicElement,Geographic Element,Class,IfcElement,,"An [[IfcGeographicElement]] is a generalization of all elements within a geographical landscape. It includes occurrences of typical geographical elements, often referred to as features, such as trees or terrain. Common type information behind several occurrences of [[IfcGeographicElement]] is provided by the IfcGeographicElementType."
IfcGeographicElementSOIL_BORING_POINT,Soil Boring Point,Class,IfcGeographicElement,SOIL_BORING_POINT,Soil boring point
IfcGeographicElementTERRAIN,Ter Rain,Class,IfcGeographicElement,TERRAIN,Terrain
IfcGeographicElementVEGETATION,Vegetation,Class,IfcGeographicElement,VEGETATION,"Plant life or plant cover (as of an area). For example trees, shrubs, herbs, grasses, ferns, and mosses."
IfcGeomodel,Geomodel,Class,IfcGeotechnicalAssembly,,"Representation of the concept of a volumetric geological and geotechnical model, usually an interpretation but sometimes created direct from ground penetrating measurement.; The assembly may contain one of more strata and other anthropic elements. The contained subtypes of [[IfcGeotechnicalStratum]] will have shape representations made from polyhedra or surfaces if a 'Yabuki' top surface model is being used."
IfcGeoslice,Geoslice,Class,IfcGeotechnicalAssembly,,"Representation of the concept of a sectional planar geological and geotechnical model, usually an interpretation but sometimes created direct from ground penetrating measurement. The assembly may contain one of more strata and anthropic elements. The contained subtypes of [[IfcGeotechnicalStratum]] will have shape representations made from polygons reflecting the visible section or poly lines if a 'Yabuki' top surface model is being used."
IfcGeotechnicalAssembly,Geotechnical Assembly,Class,IfcGeotechnicalElement,,"Representation of the abstract concept of a geological and geotechnical model, usually an interpretation but sometimes created direct from ground penetrating measurement.; Use of an assembly is optional but can carry the methodology and uncertainty information.; Such assemblies will include [[IfcGeotechnicalStratum]] entity types and may include other entity types such as [[IfcPile]], [[IfcSlab]] or [[IfcSensor]] to represent the capping, lining or logging equipment present.; [[IfcBorehole]] or [[IfcGeoslice]] can have a physical reality as a construction hazard alongside being the carrier for the interpreted results. Geological hazards may be associated to any [[IfcGeotechnicalAssembly]] or [[IfcGeotechnicalStratum]]."
IfcGeotechnicalElement,Geotechnical Element,Class,IfcElement,,Abstract supertype for geotechnical entities.
IfcGeotechnicalStratum,Geotechnical Stratum,Class,IfcGeotechnicalElement,,"Representation of the concept of an identified discrete almost homogeneous geological feature with either an irregular solid or 'Yabuki' top surface shape or a regular voxel cubic shape. A stratum is represented as a discrete entity, specialised (sub typed) from [[IfcElement]]. A stratum may be broken down into smaller entities if properties vary across the stratum or alternatively properties may be described with bounded numeric ranges. A stratum may carry information about the physical form and its interpretation as a Geological Item (GML).; The shape representations used should correspond to the sub-type of [[IfcGeotechnicalAssembly]] in which it occurs"
IfcGeotechnicalStratumSOLID,Solid,Class,IfcGeotechnicalStratum,SOLID,"Representation of the concept of an identified discrete almost homogenous solid geological or surface feature, including discontinuities such as faults, fractures, boundaries and interfaces that are not explicitly modelled."
IfcGeotechnicalStratumVOID,Void,Class,IfcGeotechnicalStratum,VOID,"Representation of the concept of an identified discrete air filled geological feature, including caves and other voids."
IfcGeotechnicalStratumWATER,Water,Class,IfcGeotechnicalStratum,WATER,"Representation of the concept of an identified discrete water filled geological or surface feature including lakes, rivers and seas."
IfcGrid,Grid,Class,IfcPositioningElement,,"[[IfcGrid]] ia a planar design grid defined in 3D space used as an aid in locating structural and design elements. The position of the grid (ObjectPlacement) is defined by a 3D coordinate system (and thereby the design grid can be used in plan, section or in any position relative to the world coordinate system). The position can be relative to the object placement of other products or grids. The XY plane of the 3D coordinate system is used to place the grid axes, which are 2D curves (for example, line, circle, arc, polyline)."
IfcGridIRREGULAR,Irregular,Class,IfcGrid,IRREGULAR,"An [[IfcGrid]] with u-axes, v-axes, and optionally w-axes that cannot be described by the patterns."
IfcGridRADIAL,Radial,Class,IfcGrid,RADIAL,An [[IfcGrid]] with straight u-axes and curved v-axes. All grid axes being part of V-axes have the same center point and are concentric circular arcs. All grid axes being part of u-axes intersect at the same center point and rotate counter clockwise.
IfcGridRECTANGULAR,Rectangular,Class,IfcGrid,RECTANGULAR,An [[IfcGrid]] with straight u-axes and straight v-axes being perpendicular to each other. All grid axes being part of u-axes can be described by one axis line and all other axes being 2D offsets from this axis line. The same applies to all grid axes being part of V-axes.
IfcGridTRIANGULAR,Triangular,Class,IfcGrid,TRIANGULAR,"An [[IfcGrid]] with u-axes, v-axes, and w-axes all being co-linear axis lines with a 2D offset. The v-axes are at 60 degree rotated counter clockwise from the u-axes, and the w-axes are at 120 degree rotated counter clockwise from the u-axes."
IfcGroup,Group,Class,IfcObject,,"[[IfcGroup]] is an generalization of any arbitrary group. A group is a logical collection of objects. It does not have its own position, nor can it hold its own shape representation. Therefore a group is an aggregation under some non-geometrical / topological grouping aspects."
IfcHeatExchanger,Heat Exchanger,Class,IfcEnergyConversionDevice,,A heat exchanger is a device used to provide heat transfer between non-mixing media such as plate and shell and tube heat exchangers.
IfcHeatExchangerPLATE,Plate,Class,IfcHeatExchanger,PLATE,Plate heat exchanger.
IfcHeatExchangerSHELLANDTUBE,Shell and Tube,Class,IfcHeatExchanger,SHELLANDTUBE,Shell and Tube heat exchanger.
IfcHeatExchangerTURNOUTHEATING,Turnout Heating,Class,IfcHeatExchanger,TURNOUTHEATING,"A device used to remove snow from railways. E.g. electric heating device, gas heater"
IfcHumidifier,Humidifier,Class,IfcEnergyConversionDevice,,A humidifier is a device that adds moisture into the air.
IfcHumidifierADIABATICAIRWASHER,Adiabatic Air Washer,Class,IfcHumidifier,ADIABATICAIRWASHER,[[Water]] vapor is added into the airstream through adiabatic evaporation using an air washing element.
IfcHumidifierADIABATICATOMIZING,Adiabatic Atomizing,Class,IfcHumidifier,ADIABATICATOMIZING,[[Water]] vapor is added into the airstream through adiabatic evaporation using an atomizing element.
IfcHumidifierADIABATICCOMPRESSEDAIRNOZZLE,Adiabatic Compressed Air Nozzle,Class,IfcHumidifier,ADIABATICCOMPRESSEDAIRNOZZLE,[[Water]] vapor is added into the airstream through adiabatic evaporation using a compressed air nozzle.
IfcHumidifierADIABATICPAN,Adiabatic Pan,Class,IfcHumidifier,ADIABATICPAN,[[Water]] vapor is added into the airstream through adiabatic evaporation using a pan.
IfcHumidifierADIABATICRIGIDMEDIA,Adiabatic Rigid Media,Class,IfcHumidifier,ADIABATICRIGIDMEDIA,[[Water]] vapor is added into the airstream through adiabatic evaporation using a rigid media.
IfcHumidifierADIABATICULTRASONIC,Adiabatic Ultrasonic,Class,IfcHumidifier,ADIABATICULTRASONIC,[[Water]] vapor is added into the airstream through adiabatic evaporation using an ultrasonic element.
IfcHumidifierADIABATICWETTEDELEMENT,Adiabatic Wetted Element,Class,IfcHumidifier,ADIABATICWETTEDELEMENT,[[Water]] vapor is added into the airstream through adiabatic evaporation using a wetted element.
IfcHumidifierASSISTEDBUTANE,Assisted Butane,Class,IfcHumidifier,ASSISTEDBUTANE,[[Water]] vapor is added into the airstream through water heated evaporation using a butane heater.
IfcHumidifierASSISTEDELECTRIC,Assisted Electric,Class,IfcHumidifier,ASSISTEDELECTRIC,[[Water]] vapor is added into the airstream through water heated evaporation using an electric heater.
IfcHumidifierASSISTEDNATURALGAS,Assisted Natural Gas,Class,IfcHumidifier,ASSISTEDNATURALGAS,[[Water]] vapor is added into the airstream through water heated evaporation using a natural gas heater.
IfcHumidifierASSISTEDPROPANE,Assisted Propane,Class,IfcHumidifier,ASSISTEDPROPANE,[[Water]] vapor is added into the airstream through water heated evaporation using a propane heater.
IfcHumidifierASSISTEDSTEAM,Assisted Steam,Class,IfcHumidifier,ASSISTEDSTEAM,[[Water]] vapor is added into the airstream through water heated evaporation using a steam heater.
IfcHumidifierSTEAMINJECTION,Steam Injection,Class,IfcHumidifier,STEAMINJECTION,[[Water]] vapor is added into the airstream through direct steam injection.
IfcImpactProtectionDevice,Impact Protection Device,Class,IfcElementComponent,,An impact protection device is a component used to protect other built elements from kinetic damage.
IfcImpactProtectionDeviceBUMPER,Bumper,Class,IfcImpactProtectionDevice,BUMPER,"A bumper is a buffer object at end of track that prevents driving over. It can be fixed on rails or the track panel, or can also be a natural element (e.g. rock, sand)."
IfcImpactProtectionDeviceCRASHCUSHION,Crashcushion,Class,IfcImpactProtectionDevice,CRASHCUSHION,"Technical note: Because this class is a 'Predefined Type' in IFC, meaning a specialisation of its par"
IfcImpactProtectionDeviceDAMPINGSYSTEM,Damping System,Class,IfcImpactProtectionDevice,DAMPINGSYSTEM,An elastic element inserted between the superstructure (track and plate on slab track or ballast bed with ballast inserted in) and the tunnel structure (tunnel floor). Some of the elastic elements have a partial decoupling effect between the superstructure and underground due to vibrations. Both helical springs and elastomer blocks or elastomer strips can be used as suspension systems.
IfcImpactProtectionDeviceFENDER,Fender,Class,IfcImpactProtectionDevice,FENDER,A passive or active device formed of a damper and impact panel that is mounted on the quayside to protect against vessel impact.
IfcInterceptor,Interceptor,Class,IfcFlowTreatmentDevice,,"An interceptor is a device designed and installed in order to separate and retain deleterious, hazardous or undesirable matter while permitting normal sewage or liquids to discharge into a collection system by gravity."
IfcInterceptorCYCLONIC,Cyclonic,Class,IfcInterceptor,CYCLONIC,Removes larger liquid drops or larger solid particles.
IfcInterceptorGREASE,Grease,Class,IfcInterceptor,GREASE,"Chamber, on the line of a drain or discharge pipe, that prevents grease passing into a drainage system."
IfcInterceptorOIL,Oil,Class,IfcInterceptor,OIL,One or more chambers arranged to prevent the ingress of oil to a drain or sewer that retains the oil for later removal.
IfcInterceptorPETROL,Petrol,Class,IfcInterceptor,PETROL,Two or more chambers with inlet and outlet pipes arranged to allow petrol/gasoline collected on the surface of water drained into them to evaporate through ventilating pipes.
IfcInventory,Inventory,Class,IfcGroup,,An inventory is a list of items within an enterprise.
IfcInventoryASSETINVENTORY,Asset Inventory,Class,IfcInventory,ASSETINVENTORY,A collection of asset instances of type [[IfcAsset]].
IfcInventoryFURNITUREINVENTORY,Furniture Inventory,Class,IfcInventory,FURNITUREINVENTORY,A collection of furniture instances of type [[IfcFurnishingElement]].
IfcInventorySPACEINVENTORY,Space Inventory,Class,IfcInventory,SPACEINVENTORY,A collection of space instances of type [[IfcSpace]].
IfcJunctionBox,Junction Box,Class,IfcFlowFitting,,A junction box is an enclosure within which cables are connected.
IfcJunctionBoxDATA,Data,Class,IfcJunctionBox,DATA,"Contains cables, outlets, and/or switches for communications use."
IfcJunctionBoxPOWER,Power,Class,IfcJunctionBox,POWER,"Contains cables, outlets, and/or switches for electrical power."
IfcKerb,Kerb,Class,IfcBuiltElement,,"A border of stone, concrete or other rigid material formed at the edge of the carriageway or footway."
IfcLamp,Lamp,Class,IfcFlowTerminal,,A lamp is an artificial light source such as a light bulb or tube.
IfcLampCOMPACTFLUORESCENT,Compact Fluorescent,Class,IfcLamp,COMPACTFLUORESCENT,A fluorescent lamp having a compact form factor produced by shaping the tube.
IfcLampFLUORESCENT,Fluorescent,Class,IfcLamp,FLUORESCENT,A typically tubular discharge lamp in which most of the light is emitted by one or several layers of phosphors excited by ultraviolet radiation from the discharge.
IfcLampHALOGEN,Halogen,Class,IfcLamp,HALOGEN,An incandescent lamp in which a tungsten filament is sealed into a compact transport envelope filled with an inert gas and a small amount of halogen such as iodine or bromine.
IfcLampHIGHPRESSUREMERCURY,High Pressure Mercury,Class,IfcLamp,HIGHPRESSUREMERCURY,A discharge lamp in which most of the light is emitted by exciting mercury at high pressure.
IfcLampHIGHPRESSURESODIUM,High Pressure Sodium,Class,IfcLamp,HIGHPRESSURESODIUM,A discharge lamp in which most of the light is emitted by exciting sodium at high pressure.
IfcLampLED,LED,Class,IfcLamp,LED,A solid state lamp that uses light-emitting diodes as the source of light.
IfcLampMETALHALIDE,Metalhalide,Class,IfcLamp,METALHALIDE,A discharge lamp in which most of the light is emitted by exciting a metal halide.
IfcLampOLED,OLED,Class,IfcLamp,OLED,A solid state lamp that uses light-emitting diodes as the source of light whose emissive electroluminescent layer is composed of a film of organic compounds.
IfcLampTUNGSTENFILAMENT,Tungsten Filament,Class,IfcLamp,TUNGSTENFILAMENT,A lamp that emits light by passing an electrical current through a tungsten wire filament in a near vacuum.
IfcLightFixture,Light Fixture,Class,IfcFlowTerminal,,"A light fixture is a container that is designed for the purpose of housing one or more lamps and optionally devices that control, restrict or vary their emission."
IfcLightFixtureDIRECTIONSOURCE,Direction Source,Class,IfcLightFixture,DIRECTIONSOURCE,A light fixture that is considered to have a length or surface area from which it emits light in a direction. A light fixture containing one or more fluorescent lamps is an example of a direction source.
IfcLightFixturePOINTSOURCE,Point Source,Class,IfcLightFixture,POINTSOURCE,"A light fixture that is considered to have negligible area and that emit light with approximately equal intensity in all directions. A light fixture containing a tungsten, halogen or similar bulb is an example of a point source."
IfcLightFixtureSECURITYLIGHTING,Security Light Ing,Class,IfcLightFixture,SECURITYLIGHTING,"A light fixture having specific purpose of directing occupants in an emergency, such as an illuminated exit sign or emergency flood light."
IfcLinearElement,Linear Element,Class,IfcProduct,,A generalization of all linear elements that are parts of an alignment.
IfcLinearPositioningElement,Linear Positioning Element,Class,IfcPositioningElement,,An [[IfcLinearPositioningElement]] is an entity describing positioning according to a curve.
IfcLiquidTerminal,Liquid Terminal,Class,IfcFlowTerminal,,A liquid terminal is a terminating or origination point for the transfer of liquid between distribution system(s). this is the point where the liquid distribution system interacts with the external environment. An example of this is a loading arm for the transfer of liquid from a docked vessel.
IfcLiquidTerminalHOSEREEL,Hose Reel,Class,IfcLiquidTerminal,HOSEREEL,A Supporting framework on which a hose may be wound whose primary purpose is to connect and interact with the external environment.
IfcLiquidTerminalLOADINGARM,Loading Arm,Class,IfcLiquidTerminal,LOADINGARM,"A loading arm permits the transfer of liquid or liquefied gas from one system to another, through the use of an articulated arm that accounts for the movement of docked vessels."
IfcMarineFacility,Marine Facility,Class,IfcFacility,,"A marine facility represents any major structure or entity that is specific to the ports and waterways domain. examples of this include quays, jetties, shipyards, breakwaters etc."
IfcMarineFacilityBARRIERBEACH,Barrier Beach,Class,IfcMarineFacility,BARRIERBEACH,"a sand ridge that rises slightly above the surface of the sea and runs roughly parallel to the shore, from which it is separated by a lagoon."
IfcMarineFacilityBREAKWATER,Break Water,Class,IfcMarineFacility,BREAKWATER,"A longitudinal structure that protects a shore area, harbour, basin or estuary from waves.;"
IfcMarineFacilityCANAL,Canal,Class,IfcMarineFacility,CANAL,"A man-made watercourse constructed usually, to join rivers, lakes or seas and often of a size suitable for navigation.;"
IfcMarineFacilityDRYDOCK,Dry Dock,Class,IfcMarineFacility,DRYDOCK,a Dry dock is an enclosed chamber (by gate) that allows the draining of water for the construction or repair of marine vessels.;
IfcMarineFacilityFLOATINGDOCK,Floatingdock,Class,IfcMarineFacility,FLOATINGDOCK,A spatial element that encompasses a floating dry dock and supporting quay side ancillaries.
IfcMarineFacilityHYDROLIFT,Hydrolift,Class,IfcMarineFacility,HYDROLIFT,"A type of vessel launch recovery facility, also known as a hydraulic lift dock, where ships are lifted vertically by water impounding systems, then floated laterally across the land to berths which subsequently become dry."
IfcMarineFacilityJETTY,Jetty,Class,IfcMarineFacility,JETTY,"A berthing structure, that extends out into the sea usually perpendicular to the coastline, primarily for the transfer of liquid bulk materials.;"
IfcMarineFacilityLAUNCHRECOVERY,Launch Recovery,Class,IfcMarineFacility,LAUNCHRECOVERY,Subset of facilities for the function of launching or recovering vessels.
IfcMarineFacilityMARINEDEFENCE,Marine Defence,Class,IfcMarineFacility,MARINEDEFENCE,A subset of facilities with the primary function of protection or defence of a coastal or flood area.
IfcMarineFacilityNAVIGATIONALCHANNEL,Navigational Channel,Class,IfcMarineFacility,NAVIGATIONALCHANNEL,A natural navigable watercourse (such as a river) that needs to be managed or have improvements applied. This includes defined navigational areas in open seas and bays.;
IfcMarineFacilityPORT,Port,Class,IfcMarineFacility,PORT,"A complex/facility for shipping and marine activities, this includes cargo, people and storage of vessels (marinas harbours)."
IfcMarineFacilityQUAY,Quay,Class,IfcMarineFacility,QUAY,a facility for the mooring of vessels accompanied with the loading and unloading of cargo or passengers or the maintenance of vessels.
IfcMarineFacilityREVETMENT,Revetment,Class,IfcMarineFacility,REVETMENT,"A marine defensive structure made from earthworks, masonry or activities, built in such a way as to absorb the energy of incoming water."
IfcMarineFacilitySHIPLIFT,Ship Lift,Class,IfcMarineFacility,SHIPLIFT,"A type of vessel launch recovery facility, where ships are lifted vertically out of the water on platforms connected to winches, then transferred horizontally to land based berths on rail, wheel or track systems."
IfcMarineFacilitySHIPLOCK,Ship Lock,Class,IfcMarineFacility,SHIPLOCK,"A facility used for raising and lowering boats, ships and other watercraft between stretches of water of different levels on rivers and canal waterways or between impounded basins. This is achieved via an impounded chamber of water which is filled and emptied."
IfcMarineFacilitySHIPYARD,Ship Yard,Class,IfcMarineFacility,SHIPYARD,A coastal/waterside facility where ships are built and repaired.
IfcMarineFacilitySLIPWAY,Slipway,Class,IfcMarineFacility,SLIPWAY,A facility for the dynamic launch or recovery of a vessel utilizing an inclined ramp and gravitational or mechanical hauling systems.
IfcMarineFacilityWATERWAY,Waterway,Class,IfcMarineFacility,WATERWAY,A subset of facilities that have the primary function of providing a navigable area of water.
IfcMarineFacilityWATERWAYSHIPLIFT,Waterway Ship Lift,Class,IfcMarineFacility,WATERWAYSHIPLIFT,"A facility used for raising and lowering boats, ships and other watercraft between stretches of water of different levels on river and canal waterways or between impounded basins. This is achieved via an impounded trough of water which is mechanically lifted up and down."
IfcMarinePart,Marine Part,Class,IfcFacilityPart,,Part of a marine facility.
IfcMarinePartABOVEWATERLINE,Above Water Line,Class,IfcMarinePart,ABOVEWATERLINE,A vertical spatial part that represents the part above the mean waterline defined within the site area.
IfcMarinePartANCHORAGE,Anchorage,Class,IfcMarinePart,ANCHORAGE,A region spatial part that represents a managed area for the anchorage of vessels awaiting space and conditions to enter a port.
IfcMarinePartAPPROACHCHANNEL,Approach Channel,Class,IfcMarinePart,APPROACHCHANNEL,A longitudinal spatial part of a waterway or port facility that covers the approach of the primary facility.
IfcMarinePartBELOWWATERLINE,Below Water Line,Class,IfcMarinePart,BELOWWATERLINE,A vertical spatial part that represents the part below the mean waterline defined within the site area.
IfcMarinePartBERTHINGSTRUCTURE,Berthing Structure,Class,IfcMarinePart,BERTHINGSTRUCTURE,A longitudinal spatial part of a waterway or port facility that provides facilities for the berthing of vessels while waiting for the waterway facility to become available. For example waiting for a lock cycle to complete and the lock gates to open.
IfcMarinePartCHAMBER,Chamber,Class,IfcMarinePart,CHAMBER,"A longitudinal spatial part of a waterway or port facility that forms the impounded chamber of a facility, such as a ship lock, dry dock or hydrolift"
IfcMarinePartCILL_LEVEL,Cill Level,Class,IfcMarinePart,CILL_LEVEL,A vertical spatial part that represents the elevation of the cill and floor level of an impounded facility such as a ship lock or dry lock.
IfcMarinePartCOPELEVEL,Cope Level,Class,IfcMarinePart,COPELEVEL,A vertical spatial part that represents the elevation working surface of the quay for the placement of quay furniture and plant.
IfcMarinePartCORE,Core,Class,IfcMarinePart,CORE,A lateral spatial part that sub divides the core structure of a facility such as a breakwater or embankment
IfcMarinePartCREST,Crest,Class,IfcMarinePart,CREST,A lateral spatial part that forms the crest area of breakwater or embankment where additional structures are placed such as access items or roads.
IfcMarinePartGATEHEAD,Gate Head,Class,IfcMarinePart,GATEHEAD,"A longitudinal spatial part of a waterway or port facility that forms the gate, supporting structure plant of an impounded facility such as a ship lock, dry dock or hydrolift."
IfcMarinePartGUDINGSTRUCTURE,Guding Structure,Class,IfcMarinePart,GUDINGSTRUCTURE,A longitudinal spatial part of a waterway or port facility that forms the guiding and assistive structures at the entrance to an impounded facility.
IfcMarinePartHIGHWATERLINE,High Water Line,Class,IfcMarinePart,HIGHWATERLINE,"A vertical spatial part that represents the elevation of the high waterline, multiple high waterlines can be used to represent the different high tide types."
IfcMarinePartLANDFIELD,Land Field,Class,IfcMarinePart,LANDFIELD,A region or lateral facility part that covers the land field of a waterside facility such as a quay.
IfcMarinePartLEEWARDSIDE,Leeward Side,Class,IfcMarinePart,LEEWARDSIDE,A lateral spatial part that covers the side of protective structures that do not experience weather or wave effects.
IfcMarinePartLOWWATERLINE,Low Water Line,Class,IfcMarinePart,LOWWATERLINE,"A vertical spatial part that represents the elevation of the low waterline, multiple low waterlines can be used to represent the different low tide types."
IfcMarinePartMANUFACTURING,Manufacturing,Class,IfcMarinePart,MANUFACTURING,A region spatial part that forms a sub division of a facility for the purpose of manufacturing. This covers areas that are open air and do not constitute a building or the building is only a small part of the entire area (in this case a child of type building can be used).
IfcMarinePartNAVIGATIONALAREA,Navigational Area,Class,IfcMarinePart,NAVIGATIONALAREA,"A region spatial part that covers a managed navigational area that is maintained for an operational reason, this could be a dredged turning circle or waiting area."
IfcMarinePartPROTECTION,Protection,Class,IfcMarinePart,PROTECTION,A lateral or region spatial part that forms the area which contains protective measures for scour and erosion of a facility.
IfcMarinePartSHIPTRANSFER,Ship Transfer,Class,IfcMarinePart,SHIPTRANSFER,A region spatial part that represents a clear area used for the transfer and movement of vessels this area could include complex rail tracks and additional loading requirements.
IfcMarinePartSTORAGEAREA,Storage Area,Class,IfcMarinePart,STORAGEAREA,"A region spatial part that forms a sub division of a facility for the purpose of storing cargo. For example container stacks, dry bulk storage yards, material storage yards."
IfcMarinePartVEHICLESERVICING,Vehicle Servicing,Class,IfcMarinePart,VEHICLESERVICING,A region spatial part that represents a functional division designed for the maintenance and/or storage of vehicles used for facility operations.
IfcMarinePartWATERFIELD,Water Field,Class,IfcMarinePart,WATERFIELD,A region or lateral facility part that covers the water field of a waterside facility such as a quay.
IfcMarinePartWEATHERSIDE,Weather Side,Class,IfcMarinePart,WEATHERSIDE,A lateral spatial part that covers the side of protective structures that is designed to protect and be impacted by weather or wave effects. such as the outer side of breakwaters or the riverside of flood embankments.
IfcMaterial,Material,Class,,,[[IfcMaterial]] is a homogeneous or inhomogeneous substance that can be used to form elements (physical products or their components).
IfcMechanicalFastener,Mechanical Fastener,Class,IfcElementComponent,,"A mechanical fasteners connecting building elements or parts mechanically. A single instance of this class may represent one or many of actual mechanical fasteners, for example an array of bolts or a row of nails."
IfcMechanicalFastenerANCHORBOLT,Anchorbolt,Class,IfcMechanicalFastener,ANCHORBOLT,"A special bolt which is anchored into concrete, stone, or brickwork."
IfcMechanicalFastenerBOLT,Bolt,Class,IfcMechanicalFastener,BOLT,A threaded cylindrical rod that engages with a similarly threaded hole in a nut or any other part to form a fastener. The mechanical fastener often also includes one or more washers and one or more nuts.
IfcMechanicalFastenerCHAIN,Chain,Class,IfcMechanicalFastener,CHAIN,"a series of linked metal rings used for fastening or securing something, or for pulling loads."
IfcMechanicalFastenerCOUPLER,Coupler,Class,IfcMechanicalFastener,COUPLER,"A part connecting two rod or bars, such as reinforcement bars."
IfcMechanicalFastenerDOWEL,Dowel,Class,IfcMechanicalFastener,DOWEL,A cylindrical rod that is driven into holes of the connected pieces.
IfcMechanicalFastenerNAIL,Nail,Class,IfcMechanicalFastener,NAIL,A thin pointed piece of metal that is hammered into materials as a fastener.
IfcMechanicalFastenerNAILPLATE,Nail Plate,Class,IfcMechanicalFastener,NAILPLATE,A piece of sheet metal with punched points that overlaps the connected pieces and is pressed into their material.
IfcMechanicalFastenerRAILFASTENING,Rail Fastening,Class,IfcMechanicalFastener,RAILFASTENING,"An assembly of components which secures a rail to the supporting structure and retains it in the required position whilst permitting any necessary vertical, lateral and longitudinal movement.;definition from EN 13481-1."
IfcMechanicalFastenerRAILJOINT,Rail Joint,Class,IfcMechanicalFastener,RAILJOINT,A mechanical assembly with e.g. fishplates to join two rail ends with optional functions (insulation or expansion capacity).
IfcMechanicalFastenerRIVET,Rivet,Class,IfcMechanicalFastener,RIVET,A fastening part having a head at one end and the other end being hammered flat after being passed through holes in the pieces that are fastened together.
IfcMechanicalFastenerROPE,Rope,Class,IfcMechanicalFastener,ROPE,"a length of thick strong cord made by twisting together strands of hemp, sisal, nylon, or similar material. used primarily for mooring vessels"
IfcMechanicalFastenerSCREW,Screw,Class,IfcMechanicalFastener,SCREW,A fastener with a tapered threaded shank and a slotted head.
IfcMechanicalFastenerSHEARCONNECTOR,Shear Connector,Class,IfcMechanicalFastener,SHEARCONNECTOR,A ring connector that is accepted by ring keyways in the connected pieces; or a toothed circular or square connector that is pressed into the connected pieces.
IfcMechanicalFastenerSTAPLE,Staple,Class,IfcMechanicalFastener,STAPLE,A doubly pointed piece of metal that is hammered into materials as a fastener.
IfcMechanicalFastenerSTUDSHEARCONNECTOR,Stud Shear Connector,Class,IfcMechanicalFastener,STUDSHEARCONNECTOR,Stud shear connectors are cylindrical fastening parts with a head on one side. On the other side they are welded on steel members for the use in composite steel and concrete structures.
IfcMedicalDevice,Medical Device,Class,IfcFlowTerminal,,"A medical device is attached to a medical piping system and operates upon medical gases to perform a specific function. Medical gases include medical air, medical vacuum, oxygen, carbon dioxide, nitrogen, and nitrous oxide."
IfcMedicalDeviceAIRSTATION,Air Station,Class,IfcMedicalDevice,AIRSTATION,"Device that provides purified medical air, composed of an air compressor and air treatment line."
IfcMedicalDeviceFEEDAIRUNIT,Feed Air Unit,Class,IfcMedicalDevice,FEEDAIRUNIT,"Device that feeds air to an oxygen generator, composed of an air compressor, air treatment line, and an air receiver."
IfcMedicalDeviceOXYGENGENERATOR,Oxygen Generator,Class,IfcMedicalDevice,OXYGENGENERATOR,Device that generates oxygen from air.
IfcMedicalDeviceOXYGENPLANT,Oxygen Plant,Class,IfcMedicalDevice,OXYGENPLANT,"Device that combines a feed air unit, oxygen generator, and backup oxygen cylinders."
IfcMedicalDeviceVACUUMSTATION,Vacuum Station,Class,IfcMedicalDevice,VACUUMSTATION,"Device that provides suction, composed of a vacuum pump and bacterial filtration line."
IfcMember,Member,Class,IfcBuiltElement,,"An [[IfcMember]] is a structural member designed to carry loads between or beyond points of support. It is not required to be load bearing. The orientation of the member (being horizontal, vertical or sloped) is not relevant to its definition (in contrary to [[IfcBeam]] and [[IfcColumn]]). An [[IfcMember]] represents a linear structural element from an architectural or structural modeling point of view and shall be used if it cannot be expressed more specifically as either an [[IfcBeam]] or an [[IfcColumn]]."
IfcMemberARCH_SEGMENT,Arch Segment,Class,IfcMember,ARCH_SEGMENT,Individual segment of an arch structure.
IfcMemberBRACE,Brace,Class,IfcMember,BRACE,A linear element (usually sloped) often used for bracing of a girder or truss.
IfcMemberCHORD,Chord,Class,IfcMember,CHORD,"Upper or lower longitudinal member of a truss, used horizontally or sloped."
IfcMemberCOLLAR,Collar,Class,IfcMember,COLLAR,A linear element (usually used horizontally) within a roof structure to connect rafters and posts.
IfcMemberMEMBER,Member,Class,IfcMember,MEMBER,A linear element within a girder or truss with no further meaning.
IfcMemberMULLION,Mullion,Class,IfcMember,MULLION,A linear element within a curtain wall system to connect two (or more) panels.
IfcMemberPLATE,Plate,Class,IfcMember,PLATE,"A linear continuous horizontal element in wall framing, such as a head piece or a sole plate."
IfcMemberPOST,Post,Class,IfcMember,POST,A linear (usually vertical) member used to support something or to mark a point.
IfcMemberPURLIN,Purlin,Class,IfcMember,PURLIN,A linear element (usually used horizontally) within a roof structure to support rafters.
IfcMemberRAFTER,Rafter,Class,IfcMember,RAFTER,"A linear elements used to support roof slabs or roof covering, usually used with slope."
IfcMemberSTAY_CABLE,Stay Cable,Class,IfcMember,STAY_CABLE,A sloped element suspending a structure (such as bridge deck) from a pylon.
IfcMemberSTIFFENING_RIB,Stiffening Rib,Class,IfcMember,STIFFENING_RIB,A linear element added to a flange or a web plate of a girder for local stiffening.
IfcMemberSTRINGER,Stringer,Class,IfcMember,STRINGER,"A linear element used to support stair or ramp flights, usually used with slope."
IfcMemberSTRUCTURALCABLE,Structural Cable,Class,IfcMember,STRUCTURALCABLE,"A linear cable element used to secure or stabilise a structure by resisting lateral and longitudinal loading through tension only, but cannot resist compression. usually formed of a flexible cable or wire."
IfcMemberSTRUT,Strut,Class,IfcMember,STRUT,A linear element often used within a girder or truss.
IfcMemberSTUD,Stud,Class,IfcMember,STUD,Vertical element in wall framing.
IfcMemberSUSPENDER,Suspender,Class,IfcMember,SUSPENDER,A vertical element suspending a structure (such as bridge deck) from a suspension cable or an arch.
IfcMemberSUSPENSION_CABLE,Suspension Cable,Class,IfcMember,SUSPENSION_CABLE,"A suspended element, typically comprising steel wire, sheath, etc."
IfcMemberTIEBAR,Tiebar,Class,IfcMember,TIEBAR,A linear bar element used to secure or stabilise a structure by resisting lateral and longitudinal loading through tension and or compression. usually formed by a solid bar.
IfcMobileTelecommunicationsAppliance,Mobile Telecommunications Appliance,Class,IfcFlowTerminal,,"A mobile telecommunications appliance is a device that transmits, converts, amplifies or receives signals used in mobile networks.;This entity is used to define specific appliances used in mobile telecommunication networks. General communications appliances and those used in fixed transmission networks should be instantiated using [[IfcCommunicationsAppliance]]."
IfcMobileTelecommunicationsApplianceACCESSPOINT,Access Point,Class,IfcMobileTelecommunicationsAppliance,ACCESSPOINT,An access point is a device that allows wireless devices to connect to a wired network.
IfcMobileTelecommunicationsApplianceBASEBANDUNIT,Base Band Unit,Class,IfcMobileTelecommunicationsAppliance,BASEBANDUNIT,A baseband unit is a component of a distributed base transceiver station for implementing baseband processing functions.
IfcMobileTelecommunicationsApplianceBASETRANSCEIVE,Base Transceivers Tation,Class,IfcMobileTelecommunicationsAppliance,BASETRANSCEIVE,"A base transceiver station (BTS) is a network component which serves one cell. It completes the conversion between base station controller and wireless channel, and realizes the wireless transmission and related control functions between base station controller and mobile switching through the air interface."
IfcMobileTelecommunicationsApplianceE_UTRAN_NODE_B,E Utran Node B,Class,IfcMobileTelecommunicationsAppliance,E_UTRAN_NODE_B,"An E-utran nodel B is a logical network component which serves one or more E-utran cells. It is the hardware connected to the evolved packet core (EPC), more specifically to the mobility management entity (MME) , which communicates directly with user equipment in wireless way."
IfcMobileTelecommunicationsApplianceGATEWAY_GPRS_S,Gateway GPRS Support Node,Class,IfcMobileTelecommunicationsAppliance,GATEWAY_GPRS_S,The gateway GPRS support node is a component of the GPRS core network that extends the GSM to allow packet switching functionalities. This component is responsible for the internetworking between the GPRS network and external packet switched networks (e.g. the internet).
IfcMobileTelecommunicationsApplianceMASTERUNIT,Master Unit,Class,IfcMobileTelecommunicationsAppliance,MASTERUNIT,A master unit is a component of a repeater for coupling base station signals.
IfcMobileTelecommunicationsApplianceMOBILESWITCHIN,Mobile Switching Center,Class,IfcMobileTelecommunicationsAppliance,MOBILESWITCHIN,The mobile switching centre (MSC) constitutes the interface between the radio system and the fixed networks. It is an exchange which performs all the switching and signalling functions for mobile station located in a geographical area designated as the MSC area. It consists of a MSC server and a media gateway.
IfcMobileTelecommunicationsApplianceMSCSERVER,MSC Server,Class,IfcMobileTelecommunicationsAppliance,MSCSERVER,The MSC server mainly comprises the call control (CC) and mobility control parts of a mobile switching center (MSC). An MSC server and a media gateway make up the full functionality of an MSC.
IfcMobileTelecommunicationsAppliancePACKETCONTROLU,Packet Control Unit,Class,IfcMobileTelecommunicationsAppliance,PACKETCONTROLU,"A packet control unit performs some of the processing tasks of the base station controller for packet data. It is responsible for data packet, wireless channel management, error sending detection and automatic retransmission."
IfcMobileTelecommunicationsApplianceREMOTERADIOUNI,Remote Radio Unit,Class,IfcMobileTelecommunicationsAppliance,REMOTERADIOUNI,A remote radio unit is a component of a distributed base transceiver station that converts digital baseband signals into high-frequency (rf) signals and sends high-frequency (rf) signals to the antenna for radiation.
IfcMobileTelecommunicationsApplianceREMOTEUNIT,Remote Unit,Class,IfcMobileTelecommunicationsAppliance,REMOTEUNIT,A remote unit is a device used to amplify a base station signal.
IfcMobileTelecommunicationsApplianceSERVICE_GPRS_S,Service GPRS Support Node,Class,IfcMobileTelecommunicationsAppliance,SERVICE_GPRS_S,"The service GPRS support node (SGSN) is a component of the GPRS core network. It is the GPRS support node of mobile station service, and it can achieve mobility management and packet routing and transfer."
IfcMobileTelecommunicationsApplianceSUBSCRIBERSERV,Subscriber Server,Class,IfcMobileTelecommunicationsAppliance,SUBSCRIBERSERV,It is a database in charge of the management of mobile subscribers. It can be an authentication center (AuC) or a home location register (HLR).
IfcMooringDevice,Mooring Device,Class,IfcBuiltElement,,"A mooring device is an active or passive built element who's primary function is to participate in the mooring of a vessel, this could be in the form of a bollard used as an attachment point for lines or active equipment such as quick release hooks."
IfcMooringDeviceBOLLARD,Bollard,Class,IfcMooringDevice,BOLLARD,"a short, thick post on the deck of a ship or a quay side, to which ship's rope may be secured. not to be confused with traffic bollards."
IfcMooringDeviceLINETENSIONER,Line Tensioner,Class,IfcMooringDevice,LINETENSIONER,A mechanical device used to apply a tensioning load to mooring lines to improve vessel stability for port operations.
IfcMooringDeviceMAGNETICDEVICE,Magnetic Device,Class,IfcMooringDevice,MAGNETICDEVICE,Mooring device that uses magnets as the primary method of securing the vessel.
IfcMooringDeviceMOORINGHOOKS,Mooring Hooks,Class,IfcMooringDevice,MOORINGHOOKS,Quick release mooring hooks - an active device used to secure a vessel and provide automated release of vessels.
IfcMooringDeviceVACUUMDEVICE,Vacuum Device,Class,IfcMooringDevice,VACUUMDEVICE,Mooring device that uses vacuum suction as the primary method of securing the vessel.
IfcMotorConnection,Motor Connection,Class,IfcEnergyConversionDevice,,A motor connection provides the means for connecting a motor as the driving device to the driven device.
IfcMotorConnectionBELTDRIVE,Belt Drive,Class,IfcMotorConnection,BELTDRIVE,"An indirect connection made through the medium of a shaped, flexible continuous loop."
IfcMotorConnectionCOUPLING,Coupling,Class,IfcMotorConnection,COUPLING,An indirect connection made through the medium of the viscosity of a fluid.
IfcMotorConnectionDIRECTDRIVE,Direct Drive,Class,IfcMotorConnection,DIRECTDRIVE,"A direct, physical connection made between the motor and the driven device."
IfcNavigationElement,Navigation Element,Class,IfcBuiltElement,,"A navigation element is an active or passive built element who's primary function is to provide navigational instructions and warnings to vessels, this could be in the form of a floating buoy, a fixed beacon.; Navigation elements can aggregate other components and elements to form the entire structure. this might include a frame structure to form the body, instances of [[IfcSign]] for signage or instances of [[IfcSignal]] for supplementary lights an/or sound signals."
IfcNavigationElementBEACON,Beacon,Class,IfcNavigationElement,BEACON,"a fixed vertical structure serving as a navigation mark, to show reefs or other hazards, or provide navigational directions."
IfcNavigationElementBUOY,Buoy,Class,IfcNavigationElement,BUOY,"an anchored floating structure serving as a navigation mark, to show reefs or other hazards, or provide navigational directions."
IfcObject,Object,Class,IfcObjectDefinition,,An [[IfcObject]] is the generalization of any semantically treated thing or process. Objects are things as they appear - i.e. occurrences.
IfcObjectDefinition,Object Definition,Class,IfcRoot,,"An [[IfcObjectDefinition]] is the generalization of any semantically treated thing or process, either being a type or an occurrence. Object definitions can be named, using the inherited [[Name]] attribute, which should be a user recognizable label for the object occurrence. Further explanations to the object can be given using the inherited [[Description]] attribute. A context is a specific kind of object definition as it provides the project or library context in which object types and object occurrences are defined."
IfcOccupant,Occupant,Class,IfcActor,,An occupant is a type of actor that defines the form of occupancy of a property.
IfcOccupantASSIGNEE,Assignee,Class,IfcOccupant,ASSIGNEE,Actor receiving the assignment of a property agreement from an assignor.
IfcOccupantASSIGNOR,Assignor,Class,IfcOccupant,ASSIGNOR,Actor assigning a property agreement to an assignor.
IfcOccupantLESSEE,Lessee,Class,IfcOccupant,LESSEE,Actor receiving the lease of a property from a lessor.
IfcOccupantLESSOR,Lessor,Class,IfcOccupant,LESSOR,Actor leasing a property to a lessee.
IfcOccupantLETTINGAGENT,Letting Agent,Class,IfcOccupant,LETTINGAGENT,"Actor participating in a property agreement on behalf of an owner, lessor or assignor."
IfcOccupantOWNER,Owner,Class,IfcOccupant,OWNER,Actor that owns a property.
IfcOccupantTENANT,Tenant,Class,IfcOccupant,TENANT,Actor renting the use of a property fro a period of time.
IfcOpeningElement,Opening Element,Class,IfcFeatureElementSubtraction,,"The opening element stands for opening, recess or chase, all reflecting voids. It represents a void within any element that has physical manifestation. Openings can be inserted into walls, slabs, beams, columns, or other elements."
IfcOpeningElementOPENING,Open Ing,Class,IfcOpeningElement,OPENING,"An opening as subtraction feature that cuts through the element it voids. It thereby creates a hole. An opening in addition has a particular meaning for either providing a void for doors or windows, or an opening to permit flow of air and passing of light."
IfcOpeningElementRECESS,Recess,Class,IfcOpeningElement,RECESS,An opening as subtraction feature that does not cut through the element it voids. It creates a niche or similar voiding pattern.
IfcOutlet,Outlet,Class,IfcFlowTerminal,,An outlet is a device installed at a point to receive one or more inserted plugs for electrical power or communications.
IfcOutletAUDIOVISUALOUTLET,Audiovisual Outlet,Class,IfcOutlet,AUDIOVISUALOUTLET,An outlet used for an audio or visual device.
IfcOutletCOMMUNICATIONSOUTLET,Communications Outlet,Class,IfcOutlet,COMMUNICATIONSOUTLET,An outlet used for connecting communications equipment.
IfcOutletDATAOUTLET,Data Outlet,Class,IfcOutlet,DATAOUTLET,An outlet used for connecting data communications equipment.
IfcOutletPOWEROUTLET,Power Outlet,Class,IfcOutlet,POWEROUTLET,An outlet used for connecting electrical devices requiring power.
IfcOutletTELEPHONEOUTLET,Telephone Outlet,Class,IfcOutlet,TELEPHONEOUTLET,An outlet used for connecting telephone communications equipment.
IfcPavement,Pavement,Class,IfcBuiltElement,,"[[Type]] of built element in a road or other paved area to provide an even surface sustaining loads from vehicles or pedestrians, usually comprising several courses.;"
IfcPavementFLEXIBLE,Flexible,Class,IfcPavement,FLEXIBLE,Pavement with a bituminous surfacing and with a base layer with or without a hydrocarbon binder.
IfcPavementRIGID,Rigid,Class,IfcPavement,RIGID,Pavement substantially constructed of cement concrete.
IfcPerformanceHistory,Performance History,Class,IfcControl,,"[[IfcPerformanceHistory]] is used to document the actual performance of an occurrence instance over time. It includes machine-measured data from building automation systems and human-specified data such as task and resource usage. The data may represent actual conditions, predictions, or simulations."
IfcPermit,Permit,Class,IfcControl,,"A permit is a permission to perform work in places and on artifacts where regulatory, security or other access restrictions apply."
IfcPermitACCESS,Access,Class,IfcPermit,ACCESS,Enables access to an identified area.
IfcPermitBUILDING,Building,Class,IfcPermit,BUILDING,Enables work to proceed by getting regulatory permissions.
IfcPermitWORK,Work,Class,IfcPermit,WORK,Enables work to be carried out in an identified area.
IfcPile,Pile,Class,IfcDeepFoundation,,"A pile is a slender timber, concrete, or steel structural element, driven, jetted, or otherwise embedded on end in the ground for the purpose of supporting a load. A pile is also characterized as deep foundation, where the loads are transferred to deeper subsurface layers."
IfcPileBORED,Bored,Class,IfcPile,BORED,A bore pile.
IfcPileCOHESION,Cohesion,Class,IfcPile,COHESION,A cohesion pile.
IfcPileDRIVEN,Driven,Class,IfcPile,DRIVEN,"A rammed, vibrated, or otherwise driven pile."
IfcPileFRICTION,Friction,Class,IfcPile,FRICTION,A friction pile.
IfcPileJETGROUTING,Jetgrouting,Class,IfcPile,JETGROUTING,An injected pile-like construction.
IfcPileSUPPORT,Support,Class,IfcPile,SUPPORT,A support pile.
IfcPipeFitting,Pipe Fitting,Class,IfcFlowFitting,,"A pipe fitting is a junction or transition in a piping flow distribution system used to connect pipe segments, resulting in changes in flow characteristics to the fluid such as direction or flow rate."
IfcPipeFittingBEND,Bend,Class,IfcPipeFitting,BEND,A fitting with typically two ports used to change the direction of flow between connected elements.
IfcPipeFittingCONNECTOR,Connector,Class,IfcPipeFitting,CONNECTOR,"Connector fitting, typically used to join two ports together within a flow distribution system (e.g., a coupling used to join two pipe segments)."
IfcPipeFittingENTRY,Entry,Class,IfcPipeFitting,ENTRY,"Entry fitting, typically unconnected at one port and connected to a flow distribution system at the other (e.g., a breeching inlet)."
IfcPipeFittingEXIT,Exit,Class,IfcPipeFitting,EXIT,"Exit fitting, typically unconnected at one port and connected to a flow distribution system at the other (e.g., a hose bibb)."
IfcPipeFittingJUNCTION,Junction,Class,IfcPipeFitting,JUNCTION,"A fitting with typically more than two ports used to redistribute flow among the ports and/or to change the direction of flow between connected elements (e.g, tee, cross, wye, etc.)."
IfcPipeFittingOBSTRUCTION,Obstruction,Class,IfcPipeFitting,OBSTRUCTION,"A fitting with typically two ports used to obstruct or restrict flow between the connected elements (e.g., screen, perforated plate, etc.)."
IfcPipeFittingTRANSITION,Transition,Class,IfcPipeFitting,TRANSITION,A fitting with typically two ports having different shapes or sizes. Can also be used to change the direction of flow between connected elements.
IfcPipeSegment,Pipe Segment,Class,IfcFlowSegment,,A pipe segment is used to typically join two sections of a piping network.
IfcPipeSegmentCULVERT,Culvert,Class,IfcPipeSegment,CULVERT,"A covered channel or large pipe that forms a watercourse below ground level, usually under a road or railway."
IfcPipeSegmentFLEXIBLESEGMENT,Flexible Segment,Class,IfcPipeSegment,FLEXIBLESEGMENT,A flexible segment is a continuous non-linear segment of pipe that can be deformed and change the direction of flow.
IfcPipeSegmentGUTTER,Gutter,Class,IfcPipeSegment,GUTTER,A gutter segment is a continuous open-channel segment of pipe.
IfcPipeSegmentRIGIDSEGMENT,Rigid Segment,Class,IfcPipeSegment,RIGIDSEGMENT,A rigid segment is continuous linear segment of pipe that cannot be deformed.
IfcPipeSegmentSPOOL,Spool,Class,IfcPipeSegment,SPOOL,A type of rigid segment that is typically shorter and used for providing connectivity within a piping network.
IfcPlate,Plate,Class,IfcBuiltElement,,"An [[IfcPlate]] is a planar and often flat part with constant thickness. A plate may carry loads between or beyond points of support, or provide stiffening. The location of the plate (being horizontal, vertical or sloped) is not relevant to its definition."
IfcPlateBASE_PLATE,Base Plate,Class,IfcPlate,BASE_PLATE,"A plate used to spread load over a surface, such as underneath a bearing or column."
IfcPlateCOVER_PLATE,Cover Plate,Class,IfcPlate,COVER_PLATE,A plate (underneath or above) a flange to provide additional load capacity.
IfcPlateCURTAIN_PANEL,Curtain Panel,Class,IfcPlate,CURTAIN_PANEL,"A planar element within a curtain wall, often consisting of a frame with fixed glazing."
IfcPlateFLANGE_PLATE,Flange Plate,Class,IfcPlate,FLANGE_PLATE,A flange plate in linear members having box or I-profile (e.g. top or bottom flange plate in box-girder).
IfcPlateGUSSET_PLATE,Gusset Plate,Class,IfcPlate,GUSSET_PLATE,a plate or bracket for strengthening an angle in framework (as in a building or bridge).
IfcPlateSHEET,Sheet,Class,IfcPlate,SHEET,"A planar, flat and thin element, comes usually as metal sheet, and is often used as an additional part within an assembly."
IfcPlateSPLICE_PLATE,Splice Plate,Class,IfcPlate,SPLICE_PLATE,A plate connecting two members joined at ends.
IfcPlateSTIFFENER_PLATE,Stiffener Plate,Class,IfcPlate,STIFFENER_PLATE,A transversal plate added to a flange or a web plate for local stiffening.
IfcPlateWEB_PLATE,Web Plate,Class,IfcPlate,WEB_PLATE,A plate connecting flange plates in linear members having box or I-profile.
IfcPort,Port,Class,IfcProduct,,A port provides the means for an element to connect to other elements.
IfcPositioningElement,Positioning Element,Class,IfcProduct,,New and abstract entity definition for positioning and annotating elements that are used to position other elements relatively.
IfcProcedure,Procedure,Class,IfcProcess,,An [[IfcProcedure]] is a logical set of actions to be taken in response to an event or to cause an event to occur.
IfcProcedureADVICE_CAUTION,Advice Caution,Class,IfcProcedure,ADVICE_CAUTION,A caution that should be taken note of as a procedure or when carrying out a procedure.
IfcProcedureADVICE_NOTE,Advice Note,Class,IfcProcedure,ADVICE_NOTE,Additional information or advice that should be taken note of as a procedure or when carrying out a procedure.
IfcProcedureADVICE_WARNING,Advice Warning,Class,IfcProcedure,ADVICE_WARNING,A warning of potential danger that should be taken note of as a procedure or when carrying out a procedure.
IfcProcedureCALIBRATION,Calibration,Class,IfcProcedure,CALIBRATION,A procedure undertaken to calibrate an artifact.
IfcProcedureDIAGNOSTIC,Diagnostic,Class,IfcProcedure,DIAGNOSTIC,Diagnostic
IfcProcedureSHUTDOWN,Shutdown,Class,IfcProcedure,SHUTDOWN,A procedure undertaken to shutdown the operation of an artifact.
IfcProcedureSTARTUP,Startup,Class,IfcProcedure,STARTUP,A procedure undertaken to start up the operation of an artifact.
IfcProcess,Process,Class,IfcObject,,"[[IfcProcess]] is defined as one individual activity or event, that is ordered in time, that has sequence relationships with other processes, which transforms input in output, and may connect to other processes through input output relationships. An [[IfcProcess]] can be an activity (or task), or an event. It takes usually place in building construction with the intent of designing, costing, acquiring, constructing, or maintaining products or other and similar tasks or procedures.."
IfcProduct,Product,Class,IfcObject,,"The [[IfcProduct]] is an abstract representation of any object that relates to a geometric or spatial context. An [[IfcProduct]] occurs at a specific location in space if it has a geometric representation assigned. It can be placed relatively to other products, but ultimately relative to the project coordinate system. The ObjectPlacement attribute establishes the coordinate system in which all points and directions used by the geometric representation items under Representation are founded. The Representation is provided by an IfcProductDefinitionShape being either a geometric shape representation, or a topology representation (with or without underlying geometry of the topological items)."
IfcProject,Project,Class,IfcContext,,"[[IfcProject]] establishes the context for information to be exchanged or shared, and it may represent a construction project but does not have to. The [[IfcProject]]'s main purpose in an exchange structure is to provide the root instance and the context for all other information items included."
IfcProjectLibrary,Project Library,Class,IfcContext,,An [[IfcProjectLibrary]] collects all library elements that are included within a referenced project data set.
IfcProjectOrder,Project Order,Class,IfcControl,,"A project order is a directive to purchase products and/or perform work, such as for construction or facilities management."
IfcProjectOrderCHANGEORDER,Change Order,Class,IfcProjectOrder,CHANGEORDER,An instruction to make a change to a product or work being undertaken and a description of the work that is to be performed.
IfcProjectOrderMAINTENANCEWORKORDER,Maintenance Work Order,Class,IfcProjectOrder,MAINTENANCEWORKORDER,An instruction to carry out maintenance work and a description of the work that is to be performed.
IfcProjectOrderMOVEORDER,Move Order,Class,IfcProjectOrder,MOVEORDER,"An instruction to move persons and artefacts and a description of the move locations, objects to be moved, etc."
IfcProjectOrderPURCHASEORDER,Purchase Order,Class,IfcProjectOrder,PURCHASEORDER,An instruction to purchase goods and/or services and a description of the goods and/or services to be purchased that is to be performed.
IfcProjectOrderWORKORDER,Work Order,Class,IfcProjectOrder,WORKORDER,A general instruction to carry out work and a description of the work to be done. Note the difference between a work order generally and a maintenance work order.
IfcProjectionElement,Projection Element,Class,IfcFeatureElementAddition,,The projection element is a specialization of the general feature element to represent projections applied to building elements. It represents a solid attached to any element that has physical manifestation.
IfcProjectionElementBLISTER,Blister,Class,IfcProjectionElement,BLISTER,Part of concrete where the anchor for pre-stressing tendon can be embedded.
IfcProjectionElementDEVIATOR,Deviator,Class,IfcProjectionElement,DEVIATOR,Part of concrete where re-direction of an external pre-stressed tendon can be embedded.
IfcProtectiveDevice,Protective Device,Class,IfcFlowController,,A protective device breaks an electrical circuit when a stated electric current that passes through it is exceeded.
IfcProtectiveDeviceANTI_ARCING_DEVICE,Anti Arcing Device,Class,IfcProtectiveDevice,ANTI_ARCING_DEVICE,An anti-arcing device is an equipment that prevents electric arc.
IfcProtectiveDeviceCIRCUITBREAKER,Circuit Breaker,Class,IfcProtectiveDevice,CIRCUITBREAKER,"A mechanical switching device capable of making, carrying, and breaking currents under normal circuit conditions and also making, carrying for a specified time and breaking, current under specified abnormal circuit conditions such as those of short circuit."
IfcProtectiveDeviceEARTHINGSWITCH,Earthing Switch,Class,IfcProtectiveDevice,EARTHINGSWITCH,"A safety device used to open or close a circuit when there is no current. Used to isolate a part of a circuit, a machine, a part of an overhead line or an underground line so that maintenance can be safely conducted."
IfcProtectiveDeviceEARTHLEAKAGECIRCUITBREAKER,Earth Leakage Circuit Breaker,Class,IfcProtectiveDevice,EARTHLEAKAGECIRCUITBREAKER,"A device that opens, closes, or isolates a circuit and has short circuit protection but no overload protection. It attempts to break the circuit when there is a leakage of current from phase to earth, by measuring voltage on the earth conductor."
IfcProtectiveDeviceFUSEDISCONNECTOR,Fuse Disconnector,Class,IfcProtectiveDevice,FUSEDISCONNECTOR,"A device that will electrically open the circuit after a period of prolonged, abnormal current flow."
IfcProtectiveDeviceRESIDUALCURRENTCIRCUITBREAKER,Residualcurrent Circuit Breaker,Class,IfcProtectiveDevice,RESIDUALCURRENTCIRCUITBREAKER,"A device that opens, closes, or isolates a circuit and has short circuit and overload protection. It attempts to break the circuit when there is a difference in current between any two phases. May also be referred to as 'Ground Fault Interupter (GFI)' or 'Ground Fault Circuit Interuptor (GFCI)'"
IfcProtectiveDeviceRESIDUALCURRENTSWITCH,Residual Currents Witch,Class,IfcProtectiveDevice,RESIDUALCURRENTSWITCH,"A device that opens, closes or isolates a circuit and has no short circuit or overload protection. May also be identified as a 'ground fault switch'."
IfcProtectiveDeviceSPARKGAP,Spark Gap,Class,IfcProtectiveDevice,SPARKGAP,A spark gap is a device used to connect a circuit to earth in the event of a fault in live circuits.
IfcProtectiveDeviceTrippingUnit,Protective Device Tripping Unit,Class,IfcDistributionControlElement,,A protective device tripping unit breaks an electrical circuit at a separate breaking unit when a stated electric current that passes through the unit is exceeded.
IfcProtectiveDeviceTrippingUnitELECTROMAGNETIC,Electromagnetic,Class,IfcProtectiveDeviceTrippingUnit,ELECTROMAGNETIC,A tripping unit activated by electromagnetic action.
IfcProtectiveDeviceTrippingUnitELECTRONIC,Electronic,Class,IfcProtectiveDeviceTrippingUnit,ELECTRONIC,A tripping unit activated by electronic action.
IfcProtectiveDeviceTrippingUnitRESIDUALCURRENT,Residualcurrent,Class,IfcProtectiveDeviceTrippingUnit,RESIDUALCURRENT,A tripping unit activated by residual current detection.
IfcProtectiveDeviceTrippingUnitTHERMAL,Thermal,Class,IfcProtectiveDeviceTrippingUnit,THERMAL,A tripping unit activated by thermal action.
IfcProtectiveDeviceVARISTOR,Varistor,Class,IfcProtectiveDevice,VARISTOR,A high voltage surge protection device.
IfcProtectiveDeviceVOLTAGELIMITER,Voltage Limiter,Class,IfcProtectiveDevice,VOLTAGELIMITER,a voltage limiter is an equipment that prevents the over voltage.
IfcPump,Pump,Class,IfcFlowMovingDevice,,A pump is a device which imparts mechanical work on fluids or slurries to move them through a channel or pipeline. A typical use of a pump is to circulate chilled water or heating hot water in a building services distribution system.
IfcPumpCIRCULATOR,Circulator,Class,IfcPump,CIRCULATOR,"A Circulator pump is a generic low-pressure, low-capacity pump. It may have a wet rotor and may be driven by a flexible-coupled motor."
IfcPumpENDSUCTION,Endsuction,Class,IfcPump,ENDSUCTION,"An End Suction pump, when mounted horizontally, has a single horizontal inlet on the impeller suction side and a vertical discharge. It may have a direct or close-coupled motor."
IfcPumpSPLITCASE,Splitcase,Class,IfcPump,SPLITCASE,"A Split Case pump, when mounted horizontally, has an inlet and outlet on each side of the impeller. The impeller can be easily accessed by removing the front of the impeller casing. It may have a direct or close-coupled motor."
IfcPumpSUBMERSIBLEPUMP,Submersible Pump,Class,IfcPump,SUBMERSIBLEPUMP,"A pump designed to be immersed in a fluid, typically a collection tank."
IfcPumpSUMPPUMP,Sump Pump,Class,IfcPump,SUMPPUMP,A pump designed to sit above a collection tank with a suction inlet extending into the tank.
IfcPumpVERTICALINLINE,Vertical Inline,Class,IfcPump,VERTICALINLINE,"A Vertical Inline pump has the pump and motor close-coupled on the pump casing. The pump depends on the connected, horizontal piping for support, with the suction and discharge along the piping axis."
IfcPumpVERTICALTURBINE,Vertical Turbine,Class,IfcPump,VERTICALTURBINE,A Vertical Turbine pump has a motor mounted vertically on the pump casing for either; wet-pit sump mounting or dry-well mounting.
IfcRail,Rail,Class,IfcBuiltElement,,"A rail is a predominately linear built element that has a special section profile. Rail is distinctive from built elements with similar geometric shapes (e.g. beam, member) that its major function is to ensure guidance of moving for vehicles or other kinds of machineries."
IfcRailBLADE,Blade,Class,IfcRail,BLADE,"A blade is a machined rail, often of special section, but fixed and/or joined at the heel end to a rail to provide continuity of wheel support. The two switch rails in a set are the two inside rails. A switch rail is described as right or left hand according to whether it is part of a right hand or left hand half-set of switches.;definition from EN 13232-1-2004."
IfcRailCHECKRAIL,Check Rail,Class,IfcRail,CHECKRAIL,A check rail is a rail laid close to the gauge face of a running rail which takes part in lateral guidance of the wheel and prevents derailment in small radius curved track and switches and crossings.;definition from EN 13481-1.
IfcRailGUARDRAIL,Guard Rail,Class,IfcRail,GUARDRAIL,"A guard rail is a rail that limits risk of train derailment, normally not loaded."
IfcRailRACKRAIL,Rack Rail,Class,IfcRail,RACKRAIL,A rack rail is a building module for enhancing traction and break performance.
IfcRailRAIL,Rail,Class,IfcRail,RAIL,"A rail is a special section bar (usually of steel) ensuring the guidance of the wheel of a rolling stock or other heavy machineries. In railway, two rails are combined to form a track."
IfcRailSTOCKRAIL,Stock Rail,Class,IfcRail,STOCKRAIL,"A stock rail is a fixed machined rail, ensuring the continuity on the main or diverging track with the switch in the open position. The machined part of the stock rail supports its switch rail in the closed position, giving continuity of line through this switch rail. The two stock rails in a set of switches are the two outside rails. A stock rail is described as right or left hand according to whether it is part of a right hand or left hand half-set of switches.;definition from EN 13232-1-2004."
IfcRailing,Railing,Class,IfcBuiltElement,,"The railing is a frame assembly adjacent to human or vehicle circulation spaces and at some space boundaries where it is used in lieu of walls or to complement walls. Designed as an optional physical support, or to prevent injury or damage, either by falling or collision."
IfcRailingBALUSTRADE,Balustrade,Class,IfcRailing,BALUSTRADE,"Guardrail located at the edge of a floor, rather then a stair or ramp. Examples are balustrades at roof-tops or balconies, or along a bridge or on top of a retaining wall."
IfcRailingFENCE,Fence,Class,IfcRailing,FENCE,"Technical note: Because this class is a 'Predefined Type' in IFC, meaning a specialisation of its par"
IfcRailingGUARDRAIL,Guard Rail,Class,IfcRailing,GUARDRAIL,"A type of railing designed to guard human or vehicle occupants from falling off a stair, ramp or landing where there is a vertical drop at the edge of such floors/landings, or to provide restraint to an errant road vehicle, installed on the central reserve of or alongside a road."
IfcRailingHANDRAIL,Hand Rail,Class,IfcRailing,HANDRAIL,A type of railing designed to serve as an optional structural support for loads applied by human occupants (at hand height). Generally located adjacent to ramps and stairs. Generally floor or wall mounted.
IfcRailway,Railway,Class,IfcFacility,,An [[IfcRailway]] is a spatial structure element as a route from one location to another for guided passage of wheeled vehicles on rails. An [[IfcRailway]] acts as a basic spatial structure element that supports to break down a railway project into manageable parts.;national or regional transport system for guided passage of wheeled vehicles on rails.
IfcRailwayPart,Railway Part,Class,IfcFacilityPart,,Part of a railway.
IfcRailwayPartABOVETRACK,Above Track,Class,IfcRailwayPart,ABOVETRACK,"A spatial structure element that contains elements that are positioned above or over the track, for example catenary lines and suspension systems."
IfcRailwayPartDILATIONTRACK,Dilation Track,Class,IfcRailwayPart,DILATIONTRACK,"Technical note: Because this class is a 'Predefined Type' in IFC, meaning a specialisation of its par"
IfcRailwayPartLINESIDE,Line Side,Class,IfcRailwayPart,LINESIDE,"A spatial structure element that contains elements of the railway that are not in or over the tracks, hence line-side."
IfcRailwayPartLINESIDEPART,Line Side Part,Class,IfcRailwayPart,LINESIDEPART,"A spatial structure element to further divide a line-side part. It can be used to distinguish line-side parts into more manageable volumes, for engineering purposes."
IfcRailwayPartPLAINTRACK,Plaintrack,Class,IfcRailwayPart,PLAINTRACK,A spatial structure element to further divide a track. It does do not contain any turnout panel or dilatation panel.
IfcRailwayPartSUBSTRUCTURE,Sub Structure,Class,IfcRailwayPart,SUBSTRUCTURE,"A spatial structure element that contains elements that are positioned below the track, for example the earthwork platform, prepared subgrade and embankment. This can be above or below finished ground level."
IfcRailwayPartTRACK,Track,Class,IfcRailwayPart,TRACK,"A spatial structure element that contains track-related elements, for example rails and sleepers."
IfcRailwayPartTRACKPART,Trackpart,Class,IfcRailwayPart,TRACKPART,"A spatial structure element to further divide a track,plain-track, turnout-track, dilatation-track."
IfcRailwayPartTURNOUTTRACK,Turnout Track,Class,IfcRailwayPart,TURNOUTTRACK,"A spatial structure element to further divide a track. It contains turnouts, and does not contain any plain track or dilatation panel."
IfcRamp,Ramp,Class,IfcBuiltElement,,A ramp is a vertical passageway which provides a human or vehicle circulation link between one floor level and another floor level at a different elevation. It may include a landing as an intermediate floor slab. A ramp normally does not include steps.
IfcRampFlight,Ramp Flight,Class,IfcBuiltElement,,"A ramp comprises a single inclined segment, or several inclined segments that are connected by a horizontal segment, referred to as a landing. A ramp flight is the single inclined segment and part of the ramp construction. In case of single flight ramps, the ramp flight and the ramp are identical."
IfcRampFlightSPIRAL,Spiral,Class,IfcRampFlight,SPIRAL,A ramp flight with a circular or elliptic walking line.
IfcRampFlightSTRAIGHT,Straight,Class,IfcRampFlight,STRAIGHT,A ramp flight with a straight walking line.
IfcRampHALF_TURN_RAMP,Half Turn Ramp,Class,IfcRamp,HALF_TURN_RAMP,"A ramp making a 180° turn, consisting of two straight flights connected; by a halfspace landing. The orientation of the turn is determined by the walking line."
IfcRampQUARTER_TURN_RAMP,Quarter Turn Ramp,Class,IfcRamp,QUARTER_TURN_RAMP,"A ramp making a 90° turn, consisting of two straight flights connected by; a quarterspace landing. The direction of the turn is determined by the walking line."
IfcRampSPIRAL_RAMP,Spiral Ramp,Class,IfcRamp,SPIRAL_RAMP,A ramp constructed around a circular or elliptical well without newels and; landings.
IfcRampSTRAIGHT_RUN_RAMP,Straight Run Ramp,Class,IfcRamp,STRAIGHT_RUN_RAMP,"A ramp - which is a sloping floor, walk, or roadway - connecting two levels.; The straight ramp consists of one straight flight without turns or winders."
IfcRampTWO_QUARTER_TURN_RAMP,Two Quarter Turn Ramp,Class,IfcRamp,TWO_QUARTER_TURN_RAMP,"A ramp making a 180° turn, consisting of three straight flights connected; by two quarterspace landings. The direction of the turn is determined by the walking line."
IfcRampTWO_STRAIGHT_RUN_RAMP,Two Straight Run Ramp,Class,IfcRamp,TWO_STRAIGHT_RUN_RAMP,A straight ramp consisting of two straight flights without turns but with one; landing.
IfcReferent,Referent,Class,IfcPositioningElement,,[[IfcReferent]] defines a position at a particular offset along an alignment curve.
IfcReferentBOUNDARY,Boundary,Class,IfcReferent,BOUNDARY,"The referent represents where an administrative or maintenance boundary crosses the linear element being measured. This is typically the first time the boundary crosses the linear element. If the boundary runs along the linear element, it would be the point at which they first become collinear. The LRS (linear referencing system) should include specific rules about how boundaries are handled if this type of referent is permitted. If the linear element changes at the boundary as for a county route beginning at the county boundary, then the LRM (linear referencing method) is more correctly categorized as absolute."
IfcReferentINTERSECTION,Intersection,Class,IfcReferent,INTERSECTION,"The referent is the location of an intersection specified by the referent name. The intersection location is typically taken as the location of the intersection of the reference lines of the streets comprising the intersection and is, therefore, not necessarily precise or deterministic. Physical markers can be installed to remedy this. The LRS (linear referencing system) should include specific rules about how intersection locations are determined if this type of referent is permitted."
IfcReferentKILOPOINT,Kilo Point,Class,IfcReferent,KILOPOINT,Kilo point
IfcReferentLANDMARK,Landmark,Class,IfcReferent,LANDMARK,The referent is the location of a physical landmark visible in the field.
IfcReferentMILEPOINT,Mile Point,Class,IfcReferent,MILEPOINT,Mile point
IfcReferentPOSITION,Position,Class,IfcReferent,POSITION,"Used to fully describe a linearly referenced location given by the linear element being measured (the [[IfcAlignment]] into which the [[IfcReferent]] is nested), the method of measurement ([[Pset_LinearReferencingMethod]]) and a measure value ([[Pset_Stationing]]). If a linear referencing method is specified for the position, it overrides any linear referencing method specified for the alignment."
IfcReferentREFERENCEMARKER,Reference Marker,Class,IfcReferent,REFERENCEMARKER,"The reference marker is a notation referent, typically located in the right of way of the road, rail or other transportation system. Usually reference markers are initially spaced at a uniform distance along the linear element being measured, though subsequent re-alignments can result in uneven spacing between the markers."
IfcReferentSTATION,Station,Class,IfcReferent,STATION,[[Station]]
IfcReferentSUPERELEVATIONEVENT,Super Elevation Event,Class,IfcReferent,SUPERELEVATIONEVENT,"A kind of event that specifies the superelevation (cross slope) at a specific location along a road alignment, and the type of transition from the previous location. The locations are specified using an IfcLinearPlacement measured along the alignment axis curve.The element(s) that are affected by the superelevation event is currently proposed to be specified by containing the event in a specific lateral breakdown element of the road spatial structure (e.g. a Lane)."
IfcReferentWIDTHEVENT,Width Event,Class,IfcReferent,WIDTHEVENT,"A kind of event that specifies the width at a specific location along a road alignment, and the type of transition from the previous location. The locations are specified using an IfcLinearPlacement measured along the alignment axis curve.; The element(s) that are affected by the width event is currently proposed to be specified by containing the event in a specific lateral breakdown element of the road spatial structure (e.g. a Lane or the entire carriageway)."
IfcReinforcedSoil,Reinforced Soil,Class,IfcEarthworksElement,,Soil reinforced or stabilized by some mechanical or chemical method.
IfcReinforcedSoilDYNAMICALLYCOMPACTED,Dynamically Compacted,Class,IfcReinforcedSoil,DYNAMICALLYCOMPACTED,"The method of using dynamic tamping machine usually free falling a heavy hammer from the height, compacting the soil and quickly improving the bearing capacity of the foundation."
IfcReinforcedSoilGROUTED,Grouted,Class,IfcReinforcedSoil,GROUTED,A method of injecting curable slurry into cracks or pores of a geotechnical foundation to improve its physical and mechanical properties.
IfcReinforcedSoilREPLACED,Replaced,Class,IfcReinforcedSoil,REPLACED,"Dig out the soft soil in a certain range below the foundation ground and then backfill the area with high strength, low compressibility and no corrosive materials."
IfcReinforcedSoilROLLERCOMPACTED,Roller Compacted,Class,IfcReinforcedSoil,ROLLERCOMPACTED,"A kind of compacting method that adopts rolling machinery, repeated rolling and vibration compacts the foundation soil, increasing strength and descreasing compressibility."
IfcReinforcedSoilSURCHARGEPRELOADED,Surcharge Preloaded,Class,IfcReinforcedSoil,SURCHARGEPRELOADED,"A method that applies load to the foundation to discharge pore water, and the foundation is consolidated to improve the foundation strength. Unloading when the carrying capacity reaches the required level."
IfcReinforcedSoilVERTICALLYDRAINED,Vertically Drained,Class,IfcReinforcedSoil,VERTICALLYDRAINED,"A method to set vertical drainage measures in the foundation, so that pore water in the soil is discharged and the foundation strength is improved."
IfcReinforcementDefinitionProperties,Reinforcement Definition Properties,Class,,,[[IfcReinforcementDefinitionProperties]] defines the cross section properties of reinforcement included in reinforced concrete building elements. The property set definition may be used both in conjunction with insitu and precast structures.
IfcReinforcingBar,Reinforcing Bar,Class,IfcReinforcingElement,,"A reinforcing bar is usually made of steel with manufactured deformations in the surface, and used in concrete and masonry construction to provide additional strength. A single instance of this class may represent one or many of actual rebars, for example a row of rebars."
IfcReinforcingBarANCHORING,Anchoring,Class,IfcReinforcingBar,ANCHORING,Anchoring reinforcement.
IfcReinforcingBarEDGE,Edge,Class,IfcReinforcingBar,EDGE,Edge reinforcement.
IfcReinforcingBarLIGATURE,Ligature,Class,IfcReinforcingBar,LIGATURE,"The reinforcing bar is a ligature (link, stirrup)."
IfcReinforcingBarMAIN,Main,Class,IfcReinforcingBar,MAIN,The reinforcing bar is a main bar.
IfcReinforcingBarPUNCHING,Punching,Class,IfcReinforcingBar,PUNCHING,Punching reinforcement.
IfcReinforcingBarRING,Ring,Class,IfcReinforcingBar,RING,Ring reinforcement.
IfcReinforcingBarSHEAR,Shear,Class,IfcReinforcingBar,SHEAR,The reinforcing bar is a shear bar.
IfcReinforcingBarSPACEBAR,Space Bar,Class,IfcReinforcingBar,SPACEBAR,A stirrup in pre-stressing system to position TendonConduit.
IfcReinforcingBarSTUD,Stud,Class,IfcReinforcingBar,STUD,The reinforcing bar is a stud.
IfcReinforcingElement,Reinforcing Element,Class,IfcElementComponent,,"A reinforcing element represents bars, wires, strands, meshes, tendons, and other components embedded in concrete in such a manner that the reinforcement and the concrete act together in resisting forces."
IfcReinforcingMesh,Reinforcing Mesh,Class,IfcReinforcingElement,,"A reinforcing mesh is a series of longitudinal and transverse wires or bars of various gauges, arranged at right angles to each other and welded at all points of intersection; usually used for concrete slab reinforcement. It is also known as welded wire fabric. In scope are plane meshes as well as bent meshes."
IfcRoad,Road,Class,IfcFacility,,"A route built on land to allow travel from one location to another, including highways, streets, cycle and foot paths, but excluding railways. As a type of Facility, Road provides the basic element in the project structure hierarchy for the components of a road project (i.e. any undertaking such as design, construction or maintenance)."
IfcRoadPart,Road Part,Class,IfcFacilityPart,,Part of a road.
IfcRoadPartBICYCLECROSSING,Bicycle Crossing,Class,IfcRoadPart,BICYCLECROSSING,Designated level crossing over a road for cyclists.
IfcRoadPartBUS_STOP,Bus Stop,Class,IfcRoadPart,BUS_STOP,Lateral part of Road for stopping buses allowing them to draw out of the traffic lanes and wait for short periods.
IfcRoadPartCARRIAGEWAY,Carriageway,Class,IfcRoadPart,CARRIAGEWAY,"Unitary lateral part of Road built for traffic. Carriageway may comprise several kinds of traffic lanes and lay-bys, as well as traffic islands, and in case of dual carriageway road they are separated by central reserve."
IfcRoadPartCENTRALISLAND,Central Island,Class,IfcRoadPart,CENTRALISLAND,"The center of a roundabout not intended for traffic, can be painted or upraised."
IfcRoadPartCENTRALRESERVE,Central Reserve,Class,IfcRoadPart,CENTRALRESERVE,Lateral RoadPart separating two carriageways of the same road or separating traffic lanes and sidewalk.
IfcRoadPartHARDSHOULDER,Hard Shoulder,Class,IfcRoadPart,HARDSHOULDER,"A type of Shoulder that is surfaced, providing for safe use by vehicles in distress."
IfcRoadPartINTERSECTION,Intersection,Class,IfcRoadPart,INTERSECTION,"At-grade junction where two or more roads meet or cross. Intersections may be further classified by number of road segments, traffic controls, and/or lane design."
IfcRoadPartLAYBY,Layby,Class,IfcRoadPart,LAYBY,A lateral part of Road where vehicles can divert from ordinary stream of traffic.
IfcRoadPartPARKINGBAY,Parking Bay,Class,IfcRoadPart,PARKINGBAY,Lateral part of Road for parking vehicles.
IfcRoadPartPASSINGBAY,Passing Bay,Class,IfcRoadPart,PASSINGBAY,A lateral part of Road that is a widening of an otherwise single lane road where a vehicle may move over to enable another vehicle to pass.
IfcRoadPartPEDESTRIAN_CROSSING,Pedestrian Crossing,Class,IfcRoadPart,PEDESTRIAN_CROSSING,Designated level crossing over a road for pedestrians.
IfcRoadPartRAILWAYCROSSING,Railway Crossing,Class,IfcRoadPart,RAILWAYCROSSING,At-grade crossing between road and railway.
IfcRoadPartREFUGEISLAND,Refuge Island,Class,IfcRoadPart,REFUGEISLAND,A raised platform or a guarded area so sited in the carriageway as to divide the streams of traffic and to provide a safety area for pedestrians.
IfcRoadPartROADSEGMENT,Road Segment,Class,IfcRoadPart,ROADSEGMENT,"Longitudinal, linear segment of a road, either defined by uniform characteristics, or as a transition segment (e.g. number of lanes changing)."
IfcRoadPartROADSIDE,Road Side,Class,IfcRoadPart,ROADSIDE,A lateral RoadPart located along the Road adjoining the outer edges of the Shoulders. A general concept comprising the areas outside RoadwayPlateau not intended for vehicles.
IfcRoadPartROADSIDEPART,Road Side Part,Class,IfcRoadPart,ROADSIDEPART,A general concept for various parts of the Roadside.
IfcRoadPartROADWAYPLATEAU,Roadway Plateau,Class,IfcRoadPart,ROADWAYPLATEAU,"Lateral part of Road comprising the carriageway(s), shoulders and medians."
IfcRoadPartROUNDABOUT,Roundabout,Class,IfcRoadPart,ROUNDABOUT,[[Type]] of at-grade junction at which traffic streams are directed around a circle.
IfcRoadPartSHOULDER,Shoulder,Class,IfcRoadPart,SHOULDER,"A lateral part of Road adjacent to, and usually at the same level as the Carriageway; not intended for vehicular traffic but may be used in case of emergency."
IfcRoadPartSIDEWALK,Side Walk,Class,IfcRoadPart,SIDEWALK,A footpath along the side of a road. May accommodate moderate changes in grade (elevation) and is normally separated from the vehicular section by a kerb. There may be a central reserve or road verge between the sidewalk and traffic lanes.
IfcRoadPartSOFTSHOULDER,Soft Shoulder,Class,IfcRoadPart,SOFTSHOULDER,A type of Shoulder that is not surfaced.
IfcRoadPartTOLLPLAZA,Toll Plaza,Class,IfcRoadPart,TOLLPLAZA,"A part of road facility where tolls are collected for use of toll road, tunnel or bridge."
IfcRoadPartTRAFFICISLAND,Traffic Island,Class,IfcRoadPart,TRAFFICISLAND,"A central or subsidiary area raised or marked on the carriageway, generally at a road junction or level crossing, shaped and placed so as to direct traffic movement and/or provide refuge for pedestrians."
IfcRoadPartTRAFFICLANE,Traffic Lane,Class,IfcRoadPart,TRAFFICLANE,Lateral part of carriageway designated to vehicular traffic for a particular purpose.
IfcRoof,Roof,Class,IfcBuiltElement,,"A roof is the covering of the top part of a building, it protects the building against the effects of weather."
IfcRoofBARREL_ROOF,Barrel Roof,Class,IfcRoof,BARREL_ROOF,A roof or ceiling having a semicylindrical form.
IfcRoofBUTTERFLY_ROOF,Butterfly Roof,Class,IfcRoof,BUTTERFLY_ROOF,"A roof having two slopes, each descending inward from the eaves."
IfcRoofDOME_ROOF,Dome Roof,Class,IfcRoof,DOME_ROOF,A hemispherical hip roof.
IfcRoofFLAT_ROOF,Flat Roof,Class,IfcRoof,FLAT_ROOF,"A roof having no slope, or one with only a slight pitch so as to drain; rainwater."
IfcRoofFREEFORM,Freeform,Class,IfcRoof,FREEFORM,Free form roof.
IfcRoofGABLE_ROOF,Gable Roof,Class,IfcRoof,GABLE_ROOF,"A roof sloping downward in two parts from a central ridge, so as to form a; gable at each end."
IfcRoofGAMBREL_ROOF,Gambrel Roof,Class,IfcRoof,GAMBREL_ROOF,"A roof sloping downward in two parts from a central ridge, so as to form a; gable at each end."
IfcRoofHIPPED_GABLE_ROOF,Hipped Gable Roof,Class,IfcRoof,HIPPED_GABLE_ROOF,A roof having a hipped end truncating a gable.
IfcRoofHIP_ROOF,Hip Roof,Class,IfcRoof,HIP_ROOF,A roof having sloping ends and sides meeting at an inclined projecting; angle.
IfcRoofMANSARD_ROOF,Mansard Roof,Class,IfcRoof,MANSARD_ROOF,A roof having on each side a steeper lower part and a shallower upper; part.
IfcRoofPAVILION_ROOF,Pavilion Roof,Class,IfcRoof,PAVILION_ROOF,A pyramidal hip roof.
IfcRoofRAINBOW_ROOF,Rain Bow Roof,Class,IfcRoof,RAINBOW_ROOF,"A gable roof in the form of a broad Gothic arch, with gently sloping convex; surfaces."
IfcRoofSHED_ROOF,Shed Roof,Class,IfcRoof,SHED_ROOF,A roof having a single slope.
IfcRoot,Root,Class,,,"[[IfcRoot]] is the most abstract and root class for all entity definitions that roots in the kernel or in subsequent layers of the IFC specification. It is therefore the common supertype of all IFC entities, beside those defined in an IFC resource schema. All entities that are subtypes of [[IfcRoot]] can be used independently, whereas resource schema entities, that are not subtypes of [[IfcRoot]], are not supposed to be independent entities."
IfcSanitaryTerminal,Sanitary Terminal,Class,IfcFlowTerminal,,"A sanitary terminal is a fixed appliance or terminal usually supplied with water and used for drinking, cleaning or foul water disposal or that is an item of equipment directly used with such an appliance or terminal."
IfcSanitaryTerminalBATH,Bath,Class,IfcSanitaryTerminal,BATH,Sanitary appliance for immersion of the human body or parts of it.
IfcSanitaryTerminalBIDET,Bidet,Class,IfcSanitaryTerminal,BIDET,Waste water appliance for washing the excretory organs while sitting astride the bowl.
IfcSanitaryTerminalCISTERN,Cistern,Class,IfcSanitaryTerminal,CISTERN,"A water storage unit attached to a sanitary terminal that is fitted with a device, operated automatically or by the user, that discharges water to cleanse a water closet (toilet) pan, urinal or slop hopper."
IfcSanitaryTerminalSANITARYFOUNTAIN,Sanitary Fountain,Class,IfcSanitaryTerminal,SANITARYFOUNTAIN,A sanitary terminal that provides a low pressure jet of water for a specific purpose.
IfcSanitaryTerminalSHOWER,Shower,Class,IfcSanitaryTerminal,SHOWER,Installation or waste water appliance that emits a spray of water to wash the human body.
IfcSanitaryTerminalSINK,Sink,Class,IfcSanitaryTerminal,SINK,"Waste water appliance for receiving, retaining or disposing of domestic, culinary, laboratory or industrial process liquids."
IfcSanitaryTerminalTOILETPAN,Toilet Pan,Class,IfcSanitaryTerminal,TOILETPAN,Soil appliance for the disposal of excrement.
IfcSanitaryTerminalURINAL,Urinal,Class,IfcSanitaryTerminal,URINAL,Soil appliance that receives urine and directs it to a waste outlet.
IfcSanitaryTerminalWASHHANDBASIN,Washhand Basin,Class,IfcSanitaryTerminal,WASHHANDBASIN,Waste water appliance for washing the upper parts of the body.
IfcSanitaryTerminalWCSEAT,Wc Seat,Class,IfcSanitaryTerminal,WCSEAT,Deprecated Hinged seat that fits on the top of a water closet (WC) pan.
IfcSensor,Sensor,Class,IfcDistributionControlElement,,A sensor is a device that measures a physical quantity and converts it into a signal which can be read by an observer or by an instrument.
IfcSensorCO2SENSOR,CO2 Sensor,Class,IfcSensor,CO2SENSOR,A device that senses or detects carbon dioxide.
IfcSensorCONDUCTANCESENSOR,Conductance Sensor,Class,IfcSensor,CONDUCTANCESENSOR,A device that senses or detects electrical conductance.
IfcSensorCONTACTSENSOR,Contact Sensor,Class,IfcSensor,CONTACTSENSOR,"A device that senses or detects contact, such as for detecting if a door is closed."
IfcSensorCOSENSOR,Cosensor,Class,IfcSensor,COSENSOR,A device that senses or detects carbon monoxide.
IfcSensorEARTHQUAKESENSOR,Earthquake Sensor,Class,IfcSensor,EARTHQUAKESENSOR,A device that senses or detects the seismic wave and measures the seismic intensity in case of earthquake.
IfcSensorFIRESENSOR,Fire Sensor,Class,IfcSensor,FIRESENSOR,A device that senses or detects fire
IfcSensorFLOWSENSOR,Flow Sensor,Class,IfcSensor,FLOWSENSOR,A device that senses or detects flow in a fluid.
IfcSensorFOREIGNOBJECTDETECTIONSENSOR,Foreign Object Detection Sensor,Class,IfcSensor,FOREIGNOBJECTDETECTIONSENSOR,A device that senses or detects foreign objects that shock or break the power network. It may alarm when such accidents happen.
IfcSensorFROSTSENSOR,Frost Sensor,Class,IfcSensor,FROSTSENSOR,A device that senses or detects frost on a window.
IfcSensorGASSENSOR,Gas Sensor,Class,IfcSensor,GASSENSOR,A device that senses or detects gas concentration (other than CO2)
IfcSensorHEATSENSOR,Heat Sensor,Class,IfcSensor,HEATSENSOR,A device that senses or detects heat.
IfcSensorHUMIDITYSENSOR,Humidity Sensor,Class,IfcSensor,HUMIDITYSENSOR,A device that senses or detects humidity.
IfcSensorIDENTIFIERSENSOR,Identifier Sensor,Class,IfcSensor,IDENTIFIERSENSOR,"A device that reads a tag, such as for gaining access to a door or elevator"
IfcSensorIONCONCENTRATIONSENSOR,Ion Concentration Sensor,Class,IfcSensor,IONCONCENTRATIONSENSOR,"A device that senses or detects ion concentration, such as for water hardness."
IfcSensorLEVELSENSOR,Level Sensor,Class,IfcSensor,LEVELSENSOR,"A device that senses or detects fill level, such as for a tank."
IfcSensorLIGHTSENSOR,Light Sensor,Class,IfcSensor,LIGHTSENSOR,A device that senses or detects light.
IfcSensorMOISTURESENSOR,Moisture Sensor,Class,IfcSensor,MOISTURESENSOR,A device that senses or detects moisture.
IfcSensorMOVEMENTSENSOR,Movement Sensor,Class,IfcSensor,MOVEMENTSENSOR,A device that senses or detects movement.
IfcSensorOBSTACLESENSOR,Obstacle Sensor,Class,IfcSensor,OBSTACLESENSOR,"A device that senses or detects any obstacles.detectors sensing objects falling from a bridge, rock-fall detectors, etc."
IfcSensorPHSENSOR,Phsensor,Class,IfcSensor,PHSENSOR,A device that senses or detects acidity.
IfcSensorPRESSURESENSOR,Pressure Sensor,Class,IfcSensor,PRESSURESENSOR,A device that senses or detects pressure.
IfcSensorRADIATIONSENSOR,Radiation Sensor,Class,IfcSensor,RADIATIONSENSOR,A device that senses or detects pressure.
IfcSensorRADIOACTIVITYSENSOR,Radioactivity Sensor,Class,IfcSensor,RADIOACTIVITYSENSOR,A device that senses or detects atomic decay.
IfcSensorRAINSENSOR,Rain Sensor,Class,IfcSensor,RAINSENSOR,A device that senses or collects rainfall related information.
IfcSensorSMOKESENSOR,Smoke Sensor,Class,IfcSensor,SMOKESENSOR,A device that senses or detects smoke.
IfcSensorSNOWDEPTHSENSOR,Snow Depth Sensor,Class,IfcSensor,SNOWDEPTHSENSOR,A device that senses or measures the depth of snowfall.
IfcSensorSOUNDSENSOR,Sound Sensor,Class,IfcSensor,SOUNDSENSOR,A device that senses or detects sound.
IfcSensorTEMPERATURESENSOR,Temperature Sensor,Class,IfcSensor,TEMPERATURESENSOR,A device that senses or detects temperature.
IfcSensorTRAINSENSOR,T Rain Sensor,Class,IfcSensor,TRAINSENSOR,"A device, usually attached to the rear end of the last vehicle of a train, acting on a fixed equipment to give an indication that the train is complete."
IfcSensorTURNOUTCLOSURESENSOR,Turnout Closure Sensor,Class,IfcSensor,TURNOUTCLOSURESENSOR,A device that senses or detects the position of a blade of a turnout.
IfcSensorWHEELSENSOR,Wheel Sensor,Class,IfcSensor,WHEELSENSOR,A device that senses or detects the passage of a wheel.
IfcSensorWINDSENSOR,Wind Sensor,Class,IfcSensor,WINDSENSOR,A device that senses or detects airflow speed and direction.
IfcShadingDevice,Shading Device,Class,IfcBuiltElement,,"Shading devices are purpose built devices to protect from the sunlight, from natural light, or screening them from view. Shading devices can form part of the facade or can be mounted inside the building, they can be fixed or operable."
IfcShadingDeviceAWNING,Awning,Class,IfcShadingDevice,AWNING,"A rooflike shelter of canvas or other material extending over a doorway, from the top of a window, over a deck, or similar, in order to provide protection, as from the sun."
IfcShadingDeviceJALOUSIE,Jalousie,Class,IfcShadingDevice,JALOUSIE,A blind with adjustable horizontal slats for admitting light and air while excluding direct sun and rain.
IfcShadingDeviceSHUTTER,Shutter,Class,IfcShadingDevice,SHUTTER,A mechanical device that limits the passage of light. Often used as a a solid or louvered movable cover for a window.
IfcSign,Sign,Class,IfcElementComponent,,"A sign is a notice on display that gives information or instructions in a written, symbolic or other form. Signs are passive with the most common form of a pictorial panel. An instance of [[IfcSign]] refers to the occurrence of an individual panel which can be applied to a surface such as a wall or be aggregated within a Signal Assembly which can include multiple sign occurrences and the associated supporting structural elements (see Signal Assembly for examples)."
IfcSignMARKER,Marker,Class,IfcSign,MARKER,A Sign type formed of a vertical post (possibly with some lettering or symbols) usually used to delimitate distance or the location of some equipment.
IfcSignMIRROR,Mirror,Class,IfcSign,MIRROR,A sign type that provides information via a reflective mirror surface.
IfcSignPICTORAL,Pictoral,Class,IfcSign,PICTORAL,A sign type formed of a flat plate with some written or symbolic images on it.
IfcSignal,Signal,Class,IfcFlowTerminal,,"A signal is an active device that conveys information or instructions to users, by means of an audio, visual signal or a combination of both.; The primary distinction from an [[IfcSign]] is that a signal is active and therefore a subtype of [[IfcFlowTerminal]] usually requiring power and data connections for its operation.; An instance of [[IfcSignal]] represents a singular signalling device in a larger assembled unit or connected system, such as an individual frame within a railway signal, a single light unit in a traffic light system or an audio signal or light mounted on a navigational buoy.; Signals can be physically aggregated together into an assembly which can include multiple signal instances (and also sign instances) and the associated supporting structural elements such as a simple pole or a rigid frame gantry (see Signal Assembly for examples).; Signals can be logically (functionally) grouped together into a signalling system (a type of distribution system) to represent a connected group of signals for example a group of traffic lights controlling an road intersection."
IfcSignalAUDIO,Audio,Class,IfcSignal,AUDIO,"A signal type formed of an active device conveying information by emitting an audio signal such as a beep, ring, horn or explosive sound."
IfcSignalMIXED,Mixed,Class,IfcSignal,MIXED,A signal type formed of an active device conveying information in both a visual and audio manner.
IfcSignalVISUAL,Visual,Class,IfcSignal,VISUAL,"A signal type formed of an active device conveying information in a visual manner such as a light, cluster of lights, or mechanical moving shapes."
IfcSite,Site,Class,IfcSpatialStructureElement,,"A site is a defined area of land, possibly covered with water, on which the project construction is to be completed. A site may be used to erect, retrofit or turn down building(s), or for other construction related developments."
IfcSlab,Slab,Class,IfcBuiltElement,,A slab is a component of the construction that may enclose a space vertically. The slab may provide the lower support (floor) or upper construction (roof slab) in any space in a building.
IfcSlabAPPROACH_SLAB,Approach Slab,Class,IfcSlab,APPROACH_SLAB,Iis part of bridge abutment providing transition from embankment to the bridge
IfcSlabBASESLAB,Baseslab,Class,IfcSlab,BASESLAB,The slab is used to represent a floor slab against the ground (and thereby being a part of the foundation). Another name is mat foundation.
IfcSlabFLOOR,Floor,Class,IfcSlab,FLOOR,The slab is used to represent a floor slab or a bridge deck.
IfcSlabLANDING,Landing,Class,IfcSlab,LANDING,The slab is used to represent a landing within a stair or ramp.
IfcSlabPAVING,Paving,Class,IfcSlab,PAVING,"Rigid pavement course of a road or other paved area, usually concrete."
IfcSlabROOF,Roof,Class,IfcSlab,ROOF,The slab is used to represent a roof slab (either flat or sloped).
IfcSlabSIDEWALK,Side Walk,Class,IfcSlab,SIDEWALK,The slab is used to represent a sidewalk.
IfcSlabTRACKSLAB,Tracks Lab,Class,IfcSlab,TRACKSLAB,"A track slab is a reinforced concrete slab or prestressed reinforced concrete slab, which is a main element of slab track. It can be prefabricated or cast on site and may have sleepers embedded."
IfcSlabWEARING,Wearing,Class,IfcSlab,WEARING,The slab is used to represent a wearing surface.
IfcSolarDevice,Solar Device,Class,IfcEnergyConversionDevice,,A solar device converts solar radiation into other energy such as electric current or thermal energy.
IfcSolarDeviceSOLARCOLLECTOR,Solar Collector,Class,IfcSolarDevice,SOLARCOLLECTOR,"A device that converts solar radiation into thermal energy (heating water, etc.)."
IfcSolarDeviceSOLARPANEL,Solar Panel,Class,IfcSolarDevice,SOLARPANEL,A device that converts solar radiation into electric current.
IfcSpace,Space,Class,IfcSpatialStructureElement,,A space represents an area or volume bounded actually or theoretically. Spaces are areas or volumes that provide for certain functions within a building.
IfcSpaceBERTH,Berth,Class,IfcSpace,BERTH,A space dedicated to the berthing of vessels within a port or managed area
IfcSpaceEXTERNAL,External,Class,IfcSpace,EXTERNAL,A space outside of a facility.
IfcSpaceGFA,GFA,Class,IfcSpace,GFA,Gross Floor [[Area]] - a specific kind of space for each building story that includes all net area and construction area (also the external envelop). Provision of such a specific space is often required by regulations.
IfcSpaceHeater,Space Heater,Class,IfcFlowTerminal,,"Space heaters utilize a combination of radiation and/or natural convection using a heating source such as electricity, steam or hot water to heat a limited space or area. Examples of space heaters include radiators, convectors, baseboard and finned-tube heaters."
IfcSpaceHeaterCONVECTOR,Convector,Class,IfcSpaceHeater,CONVECTOR,A heat-distributing unit that operates with gravity-circulated air.
IfcSpaceHeaterRADIATOR,Radiator,Class,IfcSpaceHeater,RADIATOR,A heat-distributing unit that operates with thermal radiation.
IfcSpaceINTERNAL,Internal,Class,IfcSpace,INTERNAL,A space inside a facility.
IfcSpacePARKING,Parking,Class,IfcSpace,PARKING,"A space dedication for use as a parking spot for vehicles, including access, such as a parking aisle."
IfcSpaceSPACE,Space,Class,IfcSpace,SPACE,Any space not falling into another category.
IfcSpatialElement,Spatial Element,Class,IfcProduct,,A spatial element is the generalization of all spatial elements that might be used to define a spatial structure or to define spatial zones.
IfcSpatialStructureElement,Spatial Structure Element,Class,IfcSpatialElement,,A spatial structure element is the generalization of all spatial elements that might be used to define a spatial structure. The spatial structure can be used to provide a spatial organization of a project.
IfcSpatialZone,Spatial Zone,Class,IfcSpatialElement,,"A spatial zone is a non-hierarchical and potentially overlapping decomposition of the project under some functional consideration. A spatial zone might be used to represent a thermal zone, a construction zone, a lighting zone, a usable area zone. A spatial zone might have its independent placement and shape representation."
IfcSpatialZoneCONSTRUCTION,Construction,Class,IfcSpatialZone,CONSTRUCTION,The spatial zone is used to represent a construction zone for the production process.
IfcSpatialZoneFIRESAFETY,Fire Safety,Class,IfcSpatialZone,FIRESAFETY,"The spatial zone is used to represent a fire safety zone, or fire compartment."
IfcSpatialZoneINTERFERENCE,Interference,Class,IfcSpatialZone,INTERFERENCE,The spatial zone is used to define an interference between [[IfcSpatialElement]] occurrences.
IfcSpatialZoneLIGHTING,Light Ing,Class,IfcSpatialZone,LIGHTING,"The spatial zone is used to represent a lighting zone; a daylight zone, or an artificial lighting zone."
IfcSpatialZoneOCCUPANCY,Occupancy,Class,IfcSpatialZone,OCCUPANCY,The spatial zone is used to represent a zone of particular occupancy.
IfcSpatialZoneRESERVATION,Reservation,Class,IfcSpatialZone,RESERVATION,A spatial zone that marks some sort of reservation within the project extent.
IfcSpatialZoneSECURITY,Security,Class,IfcSpatialZone,SECURITY,The spatial zone is used to represent a zone for security planning and maintenance work.
IfcSpatialZoneTHERMAL,Thermal,Class,IfcSpatialZone,THERMAL,The spatial zone is used to represent a thermal zone.
IfcSpatialZoneTRANSPORT,Transport,Class,IfcSpatialZone,TRANSPORT,The spatial zone is used to represent an area primarily dedicated to the movement of people or goods.
IfcSpatialZoneVENTILATION,Ventilation,Class,IfcSpatialZone,VENTILATION,The spatial zone is used to represent a ventilation zone.
IfcStackTerminal,Stack Terminal,Class,IfcFlowTerminal,,A stack terminal is placed at the top of a ventilating stack (such as to prevent ingress by birds or rainwater) or rainwater pipe (to act as a collector or hopper for discharge from guttering).
IfcStackTerminalBIRDCAGE,Bird Cage,Class,IfcStackTerminal,BIRDCAGE,"Guard cage, typically wire mesh, at the top of the stack preventing access by birds."
IfcStackTerminalCOWL,Cowl,Class,IfcStackTerminal,COWL,A cowling placed at the top of a stack to eliminate downdraft.
IfcStackTerminalRAINWATERHOPPER,Rain Water Hopper,Class,IfcStackTerminal,RAINWATERHOPPER,A box placed at the top of a rainwater downpipe to catch rainwater from guttering.
IfcStair,Stair,Class,IfcBuiltElement,,A stair is a vertical passageway allowing occupants to walk (step) from one floor level to another floor level at a different elevation. It may include a landing as an intermediate floor slab.
IfcStairCURVED_RUN_STAIR,Curved Run Stair,Class,IfcStair,CURVED_RUN_STAIR,A stair extending from one level to another without turns or winders. The stair is consisting of one curved flight.
IfcStairDOUBLE_RETURN_STAIR,Double Return Stair,Class,IfcStair,DOUBLE_RETURN_STAIR,"A stair having one straight flight to a wide quarterspace landing, and two side flights from that landing into opposite directions. The stair is making a 90° turn. The direction of traffic is determined by the walking line."
IfcStairFlight,Stair Flight,Class,IfcBuiltElement,,A stair flight is an assembly of building components in a single 'run' of stair steps (not interrupted by a landing). The stair steps and any stringers are included in the stair flight. A winder is also regarded a part of a stair flight.
IfcStairFlightCURVED,Curved,Class,IfcStairFlight,CURVED,A stair flight with a curved walking line.
IfcStairFlightFREEFORM,Freeform,Class,IfcStairFlight,FREEFORM,A stair flight with a free form walking line (and outer boundaries).
IfcStairFlightSPIRAL,Spiral,Class,IfcStairFlight,SPIRAL,A stair flight with a circular or elliptic walking line.
IfcStairFlightSTRAIGHT,Straight,Class,IfcStairFlight,STRAIGHT,A stair flight with a straight walking line.
IfcStairFlightWINDER,Winder,Class,IfcStairFlight,WINDER,A stair flight with a walking line including straight and curved sections.
IfcStairHALF_TURN_STAIR,Half Turn Stair,Class,IfcStair,HALF_TURN_STAIR,"A stair making a 180° turn, consisting of two straight flights connectedby a halfspace landing. The orientation of the turn is determined by the walking line."
IfcStairHALF_WINDING_STAIR,Half Wind Ing Stair,Class,IfcStair,HALF_WINDING_STAIR,"A stair consisting of one flight with one half winder, which makes a 180° turn. The orientation of the turn is determined by the walking line."
IfcStairLADDER,Ladder,Class,IfcStair,LADDER,a piece of equipment consisting of a series of bars or steps between two upright elements used for climbing up or down something
IfcStairQUARTER_TURN_STAIR,Quarter Turn Stair,Class,IfcStair,QUARTER_TURN_STAIR,"A stair making a 90° turn, consisting of two straight flights connected by a quarterspace landing. The direction of the turn is determined by the walking line."
IfcStairQUARTER_WINDING_STAIR,Quarter Wind Ing Stair,Class,IfcStair,QUARTER_WINDING_STAIR,"A stair consisting of one flight with a quarter winder, which is making a 90° turn. The direction of the turn is determined by the walking line."
IfcStairSPIRAL_STAIR,Spiral Stair,Class,IfcStair,SPIRAL_STAIR,"A stair constructed with winders around a circular newel often without landings. Depending on outer boundary it can be either a circular, elliptical or rectangular spiral stair. The orientation of the winding stairs is determined by the walking line."
IfcStairSTRAIGHT_RUN_STAIR,Straight Run Stair,Class,IfcStair,STRAIGHT_RUN_STAIR,A stair extending from one level to another without turns or winders. The stair consists of one straight flight.
IfcStairTHREE_QUARTER_TURN_STAIR,Three Quarter Turn Stair,Class,IfcStair,THREE_QUARTER_TURN_STAIR,"A stair making a 270° turn, consisting of four straight flights connected; by three quarterspace landings. The direction of the turns is determined by the walking line."
IfcStairTHREE_QUARTER_WINDING_STAIR,Three Quarter Wind Ing Stair,Class,IfcStair,THREE_QUARTER_WINDING_STAIR,"A stair consisting of one flight with three quarter winders, which make a; 90° turn. The stair makes a 270° turn. The direction of the turns is determined by the walking line."
IfcStairTWO_CURVED_RUN_STAIR,Two Curved Run Stair,Class,IfcStair,TWO_CURVED_RUN_STAIR,A curved stair consisting of two curved flights without turns but with one landing.
IfcStairTWO_QUARTER_TURN_STAIR,Two Quarter Turn Stair,Class,IfcStair,TWO_QUARTER_TURN_STAIR,"A stair making a 180° turn, consisting of three straight flights connected by two quarterspace landings. The direction of the turns is determined by the walking line."
IfcStairTWO_QUARTER_WINDING_STAIR,Two Quarter Wind Ing Stair,Class,IfcStair,TWO_QUARTER_WINDING_STAIR,"A stair consisting of one flight with two quarter winders, which make a; 90° turn. The stair makes a 180° turn. The direction of the turns is determined by the walking line."
IfcStairTWO_STRAIGHT_RUN_STAIR,Two Straight Run Stair,Class,IfcStair,TWO_STRAIGHT_RUN_STAIR,A straight stair consisting of two straight flights without turns but with one landing.
IfcStructuralAction,Structural Action,Class,IfcStructuralActivity,,A structural action is a structural activity that acts upon a structural item or building element.
IfcStructuralActivity,Structural Activity,Class,IfcProduct,,"The abstract entity [[IfcStructuralActivity]] combines the definition of actions (such as forces, displacements, etc.) and reactions (support reactions, internal forces, deflections, etc.) which are specified by using the basic load definitions from the IfcStructuralLoadResource."
IfcStructuralAnalysisModel,Structural Analysis Model,Class,IfcSystem,,"The [[IfcStructuralAnalysisModel]] is used to assemble all information needed to represent a structural analysis model. It encompasses certain general properties (such as analysis type), references to all contained structural members, structural supports or connections, as well as loads and the respective load results."
IfcStructuralAnalysisModelIN_PLANE_LOADING_2D,In Plane Loading 2D,Class,IfcStructuralAnalysisModel,IN_PLANE_LOADING_2D,In plan loading 2D
IfcStructuralAnalysisModelLOADING_3D,Loading 3D,Class,IfcStructuralAnalysisModel,LOADING_3D,Loading 3D
IfcStructuralAnalysisModelOUT_PLANE_LOADING_2D,Out Plane Loading 2D,Class,IfcStructuralAnalysisModel,OUT_PLANE_LOADING_2D,Out plane loading 2D
IfcStructuralConnection,Structural Connection,Class,IfcStructuralItem,,"An [[IfcStructuralConnection]] represents a structural connection object (node connection, edge connection, or surface connection) or supports."
IfcStructuralCurveAction,Structural Curve Action,Class,IfcStructuralAction,,"A structural curve action defines an action which is distributed over a curve. A curve action may be connected with a curve member or curve connection, or surface member or surface connection."
IfcStructuralCurveActionCONST,Const,Class,IfcStructuralCurveAction,CONST,The load has a constant value over its entire extent.
IfcStructuralCurveActionDISCRETE,Discrete,Class,IfcStructuralCurveAction,DISCRETE,The load is specified as a series of discrete load points.
IfcStructuralCurveActionEQUIDISTANT,Equidistant,Class,IfcStructuralCurveAction,EQUIDISTANT,The load consists of n consecutive sections of same length and is specified by n+1 load samples. The interpolation type over the segments is not defined by this distribution type but may be qualified in [[IfcObject]].[[ObjectType]] based on additional agreements.
IfcStructuralCurveActionLINEAR,Linear,Class,IfcStructuralCurveAction,LINEAR,The load value is linearly distributed over the load's extent.
IfcStructuralCurveActionPARABOLA,Parabola,Class,IfcStructuralCurveAction,PARABOLA,The load value is distributed as a half wave described by a symmetric quadratic parabola.
IfcStructuralCurveActionPOLYGONAL,Polygonal,Class,IfcStructuralCurveAction,POLYGONAL,The load consists of several consecutive linear sections.
IfcStructuralCurveActionSINUS,Sinus,Class,IfcStructuralCurveAction,SINUS,The load value is distributed as a sinus half wave.
IfcStructuralCurveConnection,Structural Curve Connection,Class,IfcStructuralConnection,,"Instances of [[IfcStructuralCurveConnection]] describe edge 'nodes', i.e. edges where two or more surface members are joined, or edge supports. Edge curves may be straight or curved."
IfcStructuralCurveMember,Structural Curve Member,Class,IfcStructuralMember,,"Instances of [[IfcStructuralCurveMember]] describe edge members, i.e. structural analysis idealizations of beams, columns, rods etc. Curve members may be straight or curved."
IfcStructuralCurveMemberCABLE,Cable,Class,IfcStructuralCurveMember,CABLE,A tension member which is able to carry transverse loads only under large deflection.
IfcStructuralCurveMemberCOMPRESSION_MEMBER,Compression Member,Class,IfcStructuralCurveMember,COMPRESSION_MEMBER,A member without tensional stiffness.
IfcStructuralCurveMemberPIN_JOINED_MEMBER,Pin Joined Member,Class,IfcStructuralCurveMember,PIN_JOINED_MEMBER,"A member with capacity to carry axial loads only, i.e. a link. Typically used in trusses."
IfcStructuralCurveMemberRIGID_JOINED_MEMBER,Rigid Joined Member,Class,IfcStructuralCurveMember,RIGID_JOINED_MEMBER,"A member with capacity to carry transverse and axial loads, i.e. a beam. Its actual joints may be rigid or pinned. Typically used in rigid frames."
IfcStructuralCurveMemberTENSION_MEMBER,Tension Member,Class,IfcStructuralCurveMember,TENSION_MEMBER,A member without compressional stiffness.
IfcStructuralCurveMemberVarying,Structural Curve Member Varying,Class,IfcStructuralCurveMember,Varying,This entity describes edge members with varying profile properties. Each instance of [[IfcStructuralCurveMemberVarying]] is composed of two or more instances of [[IfcStructuralCurveMember]] with differing profile properties. These subordinate members relate to the instance of [[IfcStructuralCurveMemberVarying]] by IfcRelAggregates.
IfcStructuralCurveReaction,Structural Curve Reaction,Class,IfcStructuralReaction,,"This entity defines a reaction which occurs distributed over a curve. A curve reaction may be connected with a curve member or curve connection, or surface member or surface connection."
IfcStructuralCurveReactionCONST,Const,Class,IfcStructuralCurveReaction,CONST,The load has a constant value over its entire extent.
IfcStructuralCurveReactionDISCRETE,Discrete,Class,IfcStructuralCurveReaction,DISCRETE,The load is specified as a series of discrete load points.
IfcStructuralCurveReactionEQUIDISTANT,Equidistant,Class,IfcStructuralCurveReaction,EQUIDISTANT,The load consists of n consecutive sections of same length and is specified by n+1 load samples. The interpolation type over the segments is not defined by this distribution type but may be qualified in [[IfcObject]].[[ObjectType]] based on additional agreements.
IfcStructuralCurveReactionLINEAR,Linear,Class,IfcStructuralCurveReaction,LINEAR,The load value is linearly distributed over the load's extent.
IfcStructuralCurveReactionPARABOLA,Parabola,Class,IfcStructuralCurveReaction,PARABOLA,The load value is distributed as a half wave described by a symmetric quadratic parabola.
IfcStructuralCurveReactionPOLYGONAL,Polygonal,Class,IfcStructuralCurveReaction,POLYGONAL,The load consists of several consecutive linear sections.
IfcStructuralCurveReactionSINUS,Sinus,Class,IfcStructuralCurveReaction,SINUS,The load value is distributed as a sinus half wave.
IfcStructuralItem,Structural Item,Class,IfcProduct,,"The abstract entity [[IfcStructuralItem]] is the generalization of structural members and structural connections, that is, analysis idealizations of elements in the building model. It defines the relation between structural members and connections with structural activities (actions and reactions)."
IfcStructuralLinearAction,Structural Linear Action,Class,IfcStructuralCurveAction,,This entity defines an action with constant value which is distributed over a curve.
IfcStructuralLoad,Structural Load,Class,,,"This abstract entity is the supertype of all loads (actions or reactions) or of certain requirements resulting from structural analysis, or certain provisions which influence structural analysis."
IfcStructuralLoadCase,Structural Load Case,Class,IfcStructuralLoadGroup,,"A load case is a load group, commonly used to group loads from the same action source."
IfcStructuralLoadGroup,Structural Load Group,Class,IfcGroup,,"The entity [[IfcStructuralLoadGroup]] is used to structure the physical impacts. By using the grouping features inherited from [[IfcGroup]], instances of [[IfcStructuralAction]] (or its subclasses) and of [[IfcStructuralLoadGroup]] can be used to define load groups, load cases and load combinations. (See also IfcLoadGroupTypeEnum.)"
IfcStructuralLoadGroupLOAD_CASE,Load Case,Class,IfcStructuralLoadGroup,LOAD_CASE,Groups LOAD_GROUPs and instances of subtypes of [[IfcStructuralAction]].; It should be used as a container for loads with the same origin.
IfcStructuralLoadGroupLOAD_COMBINATION,Load Combination,Class,IfcStructuralLoadGroup,LOAD_COMBINATION,"An intermediate level between LOAD_CASE and LOAD_COMBINATION. This level is obsolete and deprecated. Before the introduction of IfcRelAssignsToGroupByFactor, the purpose of this level was to provide a factor with which one or more LOAD_CASEs occur in a LOAD_COMBINATION."
IfcStructuralLoadGroupLOAD_GROUP,Load Group,Class,IfcStructuralLoadGroup,LOAD_GROUP,"Groups instances of subtypes of [[IfcStructuralAction]]. It shall be used as a container for loads grouped together for specific purposes, such as loads which are part of a special load pattern."
IfcStructuralMember,Structural Member,Class,IfcStructuralItem,,The abstract entity [[IfcStructuralMember]] is the superclass of all structural items which represent the idealized structural behavior of building elements.
IfcStructuralPlanarAction,Structural Planar Action,Class,IfcStructuralSurfaceAction,,This entity defines an action with constant value which is distributed over a surface.
IfcStructuralPointAction,Structural Point Action,Class,IfcStructuralAction,,"This entity defines an action which acts on a point. A point action is typically connected with a point connection. It may also be connected with a curve member or curve connection, or surface member or surface connection."
IfcStructuralPointConnection,Structural Point Connection,Class,IfcStructuralConnection,,Instances of [[IfcStructuralPointConnection]] describe structural nodes or point supports.
IfcStructuralPointReaction,Structural Point Reaction,Class,IfcStructuralReaction,,"This entity defines a reaction which occurs at a point. A point reaction is typically connected with a point connection. It may also be connected with a curve member or curve connection, or surface member or surface connection."
IfcStructuralReaction,Structural Reaction,Class,IfcStructuralActivity,,"A structural reaction is a structural activity that results from a structural action imposed to a structural item or building element. Examples are support reactions, internal forces, and deflections."
IfcStructuralResultGroup,Structural Result Group,Class,IfcGroup,,Instances of the entity [[IfcStructuralResultGroup]] are used to group results of structural analysis calculations and to capture the connection to the underlying basic load group. The basic functionality for grouping inherited from [[IfcGroup]] is used to collect instances from [[IfcStructuralReaction]] or its respective subclasses.
IfcStructuralSurfaceAction,Structural Surface Action,Class,IfcStructuralAction,,This entity defines an action which is distributed over a surface. A surface action may be connected with a surface member or surface connection.
IfcStructuralSurfaceActionBILINEAR,Bilinear,Class,IfcStructuralSurfaceAction,BILINEAR,The load value is bilinearly distributed over the load's extent.
IfcStructuralSurfaceActionCONST,Const,Class,IfcStructuralSurfaceAction,CONST,The load has a constant value over its entire extent.
IfcStructuralSurfaceActionDISCRETE,Discrete,Class,IfcStructuralSurfaceAction,DISCRETE,The load is specified as a series of discrete load points.
IfcStructuralSurfaceActionISOCONTOUR,Isocontour,Class,IfcStructuralSurfaceAction,ISOCONTOUR,"The load is specified by a series of iso-curves (level sets), i.e. curves at which the load value is constant. These curves run perpendicularly to the load gradient."
IfcStructuralSurfaceConnection,Structural Surface Connection,Class,IfcStructuralConnection,,"Instances of [[IfcStructuralSurfaceConnection]] describe face 'nodes', i.e. faces where two or more surface members are joined, or face supports. Face surfaces may be planar or curved."
IfcStructuralSurfaceMember,Structural Surface Member,Class,IfcStructuralMember,,"Instances of [[IfcStructuralSurfaceMember]] describe face members, that is, structural analysis idealizations of slabs, walls, and shells. Surface members may be planar or curved."
IfcStructuralSurfaceMemberBENDING_ELEMENT,Bending Element,Class,IfcStructuralSurfaceMember,BENDING_ELEMENT,"A member with capacity to carry out-of-plane loads, i.e. a plate."
IfcStructuralSurfaceMemberMEMBRANE_ELEMENT,Membrane Element,Class,IfcStructuralSurfaceMember,MEMBRANE_ELEMENT,"A member with capacity to carry in-plane loads, for example a shear wall."
IfcStructuralSurfaceMemberSHELL,Shell,Class,IfcStructuralSurfaceMember,SHELL,"A member with capacity to carry in-plane and out-of-plane loads, i.e. a combination of bending element and membrane element."
IfcStructuralSurfaceMemberVarying,Structural Surface Member Varying,Class,IfcStructuralSurfaceMember,Varying,"This entity describes surface members with varying section properties. The properties are provided by means of [[Pset_StructuralSurfaceMemberVaryingThickness]] via IfcRelDefinesByProperties,An instance of [[IfcStructuralSurfaceMemberVarying]] may be composed of two or more instances of [[IfcStructuralSurfaceMember]] with differing section properties. These subordinate members relate to the instance of [[IfcStructuralSurfaceMemberVarying]] by IfcRelAggregates."
IfcStructuralSurfaceReaction,Structural Surface Reaction,Class,IfcStructuralReaction,,This entity defines a reaction which occurs distributed over a surface. A surface reaction may be connected with a surface member or surface connection.
IfcStructuralSurfaceReactionBILINEAR,Bilinear,Class,IfcStructuralSurfaceReaction,BILINEAR,The load value is bilinearly distributed over the load's extent.
IfcStructuralSurfaceReactionCONST,Const,Class,IfcStructuralSurfaceReaction,CONST,The load has a constant value over its entire extent.
IfcStructuralSurfaceReactionDISCRETE,Discrete,Class,IfcStructuralSurfaceReaction,DISCRETE,The load is specified as a series of discrete load points.
IfcStructuralSurfaceReactionISOCONTOUR,Isocontour,Class,IfcStructuralSurfaceReaction,ISOCONTOUR,"The load is specified by a series of iso-curves (level sets), i.e. curves at which the load value is constant. These curves run perpendicularly to the load gradient."
IfcSurfaceFeature,Surface Feature,Class,IfcFeatureElement,,"A surface feature is a modification at (onto, or into) of the surface of an element. Parts of the surface of the entire surface may be affected. The volume and mass of the element may be increased, remain unchanged, or be decreased by the surface feature, depending on manufacturing technology. However, any increase or decrease of volume is small compared to the total volume of the element."
IfcSurfaceFeatureDEFECT,Defect,Class,IfcSurfaceFeature,DEFECT,"Detected defect on the surface of an element, such as corroded or eroded area."
IfcSurfaceFeatureHATCHMARKING,Hatch Marking,Class,IfcSurfaceFeature,HATCHMARKING,surface markings defined by enclosed 2d shape with defined hatch fillings.
IfcSurfaceFeatureLINEMARKING,Line Marking,Class,IfcSurfaceFeature,LINEMARKING,"2D lines painted on pavement surfaces to form boundaries, centrelines and edge markings."
IfcSurfaceFeatureMARK,Mark,Class,IfcSurfaceFeature,MARK,"A point, line, cross, or other mark, applied for example for easier adjustment of elements during assembly."
IfcSurfaceFeatureNONSKIDSURFACING,Nonskid Surfacing,Class,IfcSurfaceFeature,NONSKIDSURFACING,Paint or surfacing to prevent sliding or skidding.
IfcSurfaceFeaturePAVEMENTSURFACEMARKING,Pavement Surface Marking,Class,IfcSurfaceFeature,PAVEMENTSURFACEMARKING,Painted or chemical lines or symbols on the surface of pavements (a road or paved area)
IfcSurfaceFeatureRUMBLESTRIP,Rumble Strip,Class,IfcSurfaceFeature,RUMBLESTRIP,"Raised and often textured strips on road center line or on shoulder, or across lanes to alert drivers by vibration and noise. Also Jiggle bars."
IfcSurfaceFeatureSYMBOLMARKING,Symbol Marking,Class,IfcSurfaceFeature,SYMBOLMARKING,"Surface markings that convey information in the form of symbols and shapes such as arrows, text or pictorial symbols."
IfcSurfaceFeatureTAG,Tag,Class,IfcSurfaceFeature,TAG,"A name tag, which allows to identify an element during production, delivery and assembly. May be manufactured in different ways, e.g. by printing or punching the tracking code onto the element or by attaching an actual tag."
IfcSurfaceFeatureTRANSVERSERUMBLESTRIP,Transverse Rumble Strip,Class,IfcSurfaceFeature,TRANSVERSERUMBLESTRIP,[[Type]] of rumble strip running across lane(s).
IfcSurfaceFeatureTREATMENT,Treatment,Class,IfcSurfaceFeature,TREATMENT,"A subtractive surface feature, e.g. grinding, or an additive surface feature, e.g. coating, or an impregnating treatment, or a series of any of these kinds of treatments."
IfcSwitchingDevice,Switching Device,Class,IfcFlowController,,A switch is used in a cable distribution system (electrical circuit) to control or modulate the flow of electricity.
IfcSwitchingDeviceCONTACTOR,Contact or,Class,IfcSwitchingDevice,CONTACTOR,An electrical device used to control the flow of power in a circuit on or off.
IfcSwitchingDeviceDIMMERSWITCH,Dimmer Switch,Class,IfcSwitchingDevice,DIMMERSWITCH,"A dimmer switch has variable positions, and may adjust electrical power or other setting (according to the switched port type)."
IfcSwitchingDeviceEMERGENCYSTOP,Emergency Stop,Class,IfcSwitchingDevice,EMERGENCYSTOP,An emergency stop device acts to remove as quickly as possible any danger that may have arisen unexpectedly.
IfcSwitchingDeviceKEYPAD,Key Pad,Class,IfcSwitchingDevice,KEYPAD,"A set of buttons or switches, each potentially applicable to a different device."
IfcSwitchingDeviceMOMENTARYSWITCH,Momentary Switch,Class,IfcSwitchingDevice,MOMENTARYSWITCH,"A momentary switch has no position, and may trigger some action to occur."
IfcSwitchingDeviceRELAY,Relay,Class,IfcSwitchingDevice,RELAY,"A device designed to produce sudden predetermined changes in one or more electric output circuits, when certain conditions are fulfilled in the electric input circuits controlling the device.;definition from IEC 60050 151-13-31."
IfcSwitchingDeviceSELECTORSWITCH,Selector Switch,Class,IfcSwitchingDevice,SELECTORSWITCH,"A selector switch has multiple positions, and may change the source or level of power or other setting (according to the switched port type)."
IfcSwitchingDeviceSTARTER,Starter,Class,IfcSwitchingDevice,STARTER,A starter is a switch which in the closed position controls the application of power to an electrical device.
IfcSwitchingDeviceSTART_AND_STOP_EQUIPMENT,Start and Stop Equipment,Class,IfcSwitchingDevice,START_AND_STOP_EQUIPMENT,A switch for alternatively closing and opening one or more electric circuits.
IfcSwitchingDeviceSWITCHDISCONNECTOR,Switch Disconnector,Class,IfcSwitchingDevice,SWITCHDISCONNECTOR,A switch disconnector is a switch which in the open position satisfies the isolating requirements specified for a disconnector.
IfcSwitchingDeviceTOGGLESWITCH,Toggle Switch,Class,IfcSwitchingDevice,TOGGLESWITCH,"A toggle switch has two positions, and may enable or isolate electrical power or other setting (according to the switched port type)."
IfcSystem,System,Class,IfcGroup,,"A system is an organized combination of related parts within an AEC product, composed for a common purpose or function or to provide a service. A system is essentially a functionally related aggregation of products. The grouping relationship to one or several instances of [[IfcProduct]] (the system members) is handled by IfcRelAssignsToGroup."
IfcSystemFurnitureElement,System Furniture Element,Class,IfcFurnishingElement,,A system furniture element defines components of modular furniture which are not directly placed in a building structure but aggregated inside furniture.
IfcSystemFurnitureElementPANEL,Panel,Class,IfcSystemFurnitureElement,PANEL,Vertical panel used to divide work spaces.
IfcSystemFurnitureElementSUBRACK,Subrack,Class,IfcSystemFurnitureElement,SUBRACK,A subrack is a part of technical cabinet which is used to store and mount pluggable electric subunits.
IfcSystemFurnitureElementWORKSURFACE,Work Surface,Class,IfcSystemFurnitureElement,WORKSURFACE,Workstation countertop.
IfcTank,Tank,Class,IfcFlowStorageDevice,,A tank is a vessel or container in which a fluid or gas is stored for later use.
IfcTankBASIN,Basin,Class,IfcTank,BASIN,An arbitrary open tank type.
IfcTankBREAKPRESSURE,Break Pressure,Class,IfcTank,BREAKPRESSURE,"An open container that breaks the hydraulic pressure in a distribution system, typically located between the fluid reservoir and the fluid supply points. A typical break pressure tank allows the flow to discharge into the atmosphere, thereby reducing its hydrostatic pressure to zero."
IfcTankEXPANSION,Expansion,Class,IfcTank,EXPANSION,"A closed container used in a closed fluid distribution system to mitigate the effects of thermal expansion or water hammer. The tank is typically constructed with a diaphragm dividing the tank into two sections, with fluid on one side of the diaphragm and air on the other. One example application is when connected to the primary circuit of a hot water system to accommodate the increase in volume of the water when it is heated."
IfcTankFEEDANDEXPANSION,Feed and Expansion,Class,IfcTank,FEEDANDEXPANSION,"An open tank that is used for both storage and thermal expansion. A typical example is a tank used to store make-up water at ambient pressure for supply to a hot water system, simultaneously accommodating increases in volume of the water when heated."
IfcTankOILRETENTIONTRAY,Oil Retention Tray,Class,IfcTank,OILRETENTIONTRAY,An open container for environmental protection and storage of chemical products.
IfcTankPRESSUREVESSEL,Pressure Vessel,Class,IfcTank,PRESSUREVESSEL,A closed container used for storing fluids or gases at a pressure different from the ambient pressure. A pressure vessel is typically rated by an authority having jurisdiction for the operational pressure.
IfcTankSTORAGE,Storage,Class,IfcTank,STORAGE,"An open or closed container used for storing a fluid at ambient pressure and from which it can be supplied to the fluid distribution system. There are many examples of storage tanks, such as potable water storage tanks, fuel storage tanks, etc."
IfcTankVESSEL,Vessel,Class,IfcTank,VESSEL,An arbitrary closed tank type.
IfcTask,Task,Class,IfcProcess,,An [[IfcTask]] is an identifiable unit of work to be carried out in a construction project.
IfcTaskADJUSTMENT,Adjustment,Class,IfcTask,ADJUSTMENT,Making changes to the physical configuration of something.
IfcTaskATTENDANCE,Attendance,Class,IfcTask,ATTENDANCE,Attendance or waiting on other things happening.
IfcTaskCALIBRATION,Calibration,Class,IfcTask,CALIBRATION,Making changes to the operational configuration of something.
IfcTaskCONSTRUCTION,Construction,Class,IfcTask,CONSTRUCTION,Constructing or building something.
IfcTaskDEMOLITION,Demolition,Class,IfcTask,DEMOLITION,Demolishing or breaking down something.
IfcTaskDISMANTLE,Dismantle,Class,IfcTask,DISMANTLE,Taking something apart carefully so that it can be recycled or reused.
IfcTaskDISPOSAL,Disposal,Class,IfcTask,DISPOSAL,Disposing or getting rid of something.
IfcTaskEMERGENCY,Emergency,Class,IfcTask,EMERGENCY,"Tasks required when responding to, or ensuring the ability to respond to, an emergency situation."
IfcTaskINSPECTION,Inspection,Class,IfcTask,INSPECTION,Check if something is installed and is operating within expected parameters.
IfcTaskINSTALLATION,Installation,Class,IfcTask,INSTALLATION,Installing something (equivalent to construction but more commonly used for engineering tasks).
IfcTaskLOGISTIC,Logistic,Class,IfcTask,LOGISTIC,Transportation or delivery of something.
IfcTaskMAINTENANCE,Maintenance,Class,IfcTask,MAINTENANCE,Tasks required to keep an object in good working order.
IfcTaskMOVE,Move,Class,IfcTask,MOVE,Moving things from one place to another.
IfcTaskOPERATION,Operation,Class,IfcTask,OPERATION,A procedure undertaken to start up the operation an artifact.
IfcTaskREMOVAL,Removal,Class,IfcTask,REMOVAL,Removal of an item from use and taking it from its place of use.
IfcTaskRENOVATION,Renovation,Class,IfcTask,RENOVATION,Bringing something to an 'as-new' state.
IfcTaskSAFETY,Safety,Class,IfcTask,SAFETY,Tasks required to ensure safe use of the object. For example electrical 'lock-out' instructions.
IfcTaskSHUTDOWN,Shutdown,Class,IfcTask,SHUTDOWN,"The set of tasks required for an orderly shut down without adverse impacts, typically applied to systems."
IfcTaskSTARTUP,Startup,Class,IfcTask,STARTUP,"The set of tasks required to begin or restart operation without adverse impacts, typically applied to systems."
IfcTaskTESTING,Testing,Class,IfcTask,TESTING,"The set of tasks required to evaluate the performance of an object, to ensure if something is installed and is operating within expected parameters."
IfcTaskTROUBLESHOOTING,Troubleshooting,Class,IfcTask,TROUBLESHOOTING,"The set of tasks required to diagnose commonly encountered performance problems, typically applied to element types and systems."
IfcTendon,Tendon,Class,IfcReinforcingElement,,"A tendon is a steel element such as a wire, cable, bar, rod, or strand used to impart prestress to concrete when the element is tensioned."
IfcTendonAnchor,Tendon Anchor,Class,IfcReinforcingElement,,A tendon anchor is the end connection for tendons in prestressed or posttensioned concrete.
IfcTendonAnchorCOUPLER,Coupler,Class,IfcTendonAnchor,COUPLER,The anchor is an intermediate device which connects two tendons.
IfcTendonAnchorFIXED_END,Fixed End,Class,IfcTendonAnchor,FIXED_END,The anchor fixes the end of a tendon.
IfcTendonAnchorTENSIONING_END,Tensioning End,Class,IfcTendonAnchor,TENSIONING_END,The anchor is used or can be used to prestress the tendon.
IfcTendonBAR,Bar,Class,IfcTendon,BAR,The tendon is configured as a bar.
IfcTendonCOATED,Coated,Class,IfcTendon,COATED,The tendon is coated.
IfcTendonConduit,Tendon Conduit,Class,IfcReinforcingElement,,A TendonConduit represents the components of the conduit system for tendons embedded in concrete structure.
IfcTendonConduitCOUPLER,Coupler,Class,IfcTendonConduit,COUPLER,A part to connect the conduits located in two different deck segments and related to the same tendon.
IfcTendonConduitDIABOLO,Diabolo,Class,IfcTendonConduit,DIABOLO,A part of tendon conduit associated to deviator.
IfcTendonConduitDUCT,Duct,Class,IfcTendonConduit,DUCT,"A Sleeve or duct is related to the thickness of the conduit depending on the conduit, either cast into the concrete structure or placed adjacent to it."
IfcTendonConduitGROUTING_DUCT,Grouting Duct,Class,IfcTendonConduit,GROUTING_DUCT,"An additional small conduit connected to the main conduit to allow grouting in case of bonded post-tensioning, such as Grout inlet, Grout outlet and Grout vent."
IfcTendonConduitTRUMPET,Trumpet,Class,IfcTendonConduit,TRUMPET,A specific part of conduit which has to be widened when reaching the tendon anchor because the strands are connected individually on the anchor.
IfcTendonSTRAND,Strand,Class,IfcTendon,STRAND,The tendon is a strand.
IfcTendonWIRE,Wire,Class,IfcTendon,WIRE,The tendon is a wire.
IfcTextureCoordinateIndices,Texture Coordinate Indices,Class,,,The [[IfcTextureCoordinateIndices]] provide the texture coordinates for an IfcIndexedPolygonalFace. The [[TexCoordIndex]] holds a list of indices pointing into the IfcTextureVertexList for texture coordinates that correspond to the TexCoordsOf.CoordIndex holding a list of indices pointing into the IfcCartesianPointList3D for vertex coordinates.
IfcTextureCoordinateIndicesWithVoids,Texture Coordinate Indices with Voids,Class,IfcTextureCoordinateIndices,WithVoids,The [[IfcTextureCoordinateIndicesWithVoids]] is a subtype of [[IfcTextureCoordinateIndices]] to be used to provide texture coordinates to polygonal faces with inner loops.
IfcTrackElement,Track Element,Class,IfcBuiltElement,,A track element is a built element used specifically in the track domain in railway.
IfcTrackElementBLOCKINGDEVICE,Blocking Device,Class,IfcTrackElement,BLOCKINGDEVICE,"A device composed of pneumatic, mechanic or electric components causing the braking of a train in case of emergency."
IfcTrackElementDERAILER,Derailer,Class,IfcTrackElement,DERAILER,"A fixed device which, when placed on the rail, derails the wheels of a vehicle, and serves to protect a converging line.;definition from IEC 60050-821."
IfcTrackElementFROG,Frog,Class,IfcTrackElement,FROG,A frog is an arrangement ensuring the intersection of two opposite running edges of turnouts or diamond crossings and having one crossing vee and two wing rails.;definition from EN 13232-1-2004.
IfcTrackElementHALF_SET_OF_BLADES,Half Set of Blades,Class,IfcTrackElement,HALF_SET_OF_BLADES,A half set of blades consists of one stock rail and its switch rail complete with small fittings. It is right or left hand as seen by an observer in the centre of the track facing the switch heel from the switch toe.;definition from EN 13232-1-2004.
IfcTrackElementSLEEPER,Sleeper,Class,IfcTrackElement,SLEEPER,"A sleeper is a track element that supports running rails, guard rails and check rails usually at right angles to its axis."
IfcTrackElementSPEEDREGULATOR,Speed Regulator,Class,IfcTrackElement,SPEEDREGULATOR,"A device composed of pneumatic, mechanic or electric components causing the breaking of a train in case of emergency."
IfcTrackElementTRACKENDOFALIGNMENT,Track End of Alignment,Class,IfcTrackElement,TRACKENDOFALIGNMENT,A track end of alignment is a special functional installation such as axle-gauge changeover point or transporter wagon loading point.
IfcTrackElementVEHICLESTOP,Vehicle Stop,Class,IfcTrackElement,VEHICLESTOP,"A fixed installation at the end of the track which stops any vehicle movement (e.g., buffer stop, sand hump, etc.)."
IfcTransformer,Transformer,Class,IfcEnergyConversionDevice,,A transformer is an inductive stationary device that transfers electrical energy from one circuit to another.
IfcTransformerCHOPPER,Chopper,Class,IfcTransformer,CHOPPER,A chopper is an electronic power DC convertor without an intermediate AC link giving a variable output voltage by varying the periods of conduction and non-conduction in an adjustable ratio.
IfcTransformerCOMBINED,Combined,Class,IfcTransformer,COMBINED,A transformer that changes different quantities between circuits.
IfcTransformerCURRENT,Current,Class,IfcTransformer,CURRENT,A transformer that changes the current between circuits.
IfcTransformerFREQUENCY,Frequency,Class,IfcTransformer,FREQUENCY,A transformer that changes the frequency between circuits.
IfcTransformerINVERTER,Inverter,Class,IfcTransformer,INVERTER,A transformer that converts from direct current (DC) to alternating current (AC).
IfcTransformerRECTIFIER,Rectifier,Class,IfcTransformer,RECTIFIER,A transformer that converts from alternating current (AC) to direct current (DC).
IfcTransformerVOLTAGE,Voltage,Class,IfcTransformer,VOLTAGE,A transformer that changes the voltage between circuits.
IfcTransportElement,Transport Element,Class,IfcTransportationDevice,,"A transport element is a generalization of all transport related objects that move people, animals or goods within a Facility. The [[IfcTransportElement]] defines the occurrence of a transport element, that (if given), is expressed by the IfcTransportElementType."
IfcTransportElementCRANEWAY,Craneway,Class,IfcTransportElement,CRANEWAY,"A crane way system, normally including the crane rails, fasteners and the crane. It is primarily used to move heavy goods in a factory or other industry buildings."
IfcTransportElementELEVATOR,Elevator,Class,IfcTransportElement,ELEVATOR,Elevator or lift being a transport device to move people or goods vertically.
IfcTransportElementESCALATOR,Escalator,Class,IfcTransportElement,ESCALATOR,Escalator being a transport device to move people. It consists of individual linked steps that move up and down on tracks while keeping the threads horizontal.
IfcTransportElementHAULINGGEAR,Hauling Gear,Class,IfcTransportElement,HAULINGGEAR,A device used for hauling goods.
IfcTransportElementLIFTINGGEAR,Lifting Gear,Class,IfcTransportElement,LIFTINGGEAR,A device used for lifting or lowering heavy goods. It may be manually operated or electrically or pneumatically driven.
IfcTransportElementMOVINGWALKWAY,Moving Walkway,Class,IfcTransportElement,MOVINGWALKWAY,Moving walkway being a transport device to move people horizontally or on an incline. It is a slow conveyor belt that transports people.
IfcTransportationDevice,Transportation Device,Class,IfcElement,,Abstract intermediate supertype for transportation devices.
IfcTubeBundle,Tube Bundle,Class,IfcEnergyConversionDevice,,"A tube bundle is a device consisting of tubes and bundles of tubes used for heat transfer and contained typically within other energy conversion devices, such as a chiller or coil."
IfcTubeBundleFINNED,Finned,Class,IfcTubeBundle,FINNED,Finned tube bundle type.
IfcUnitaryControlElement,Unitary Control Element,Class,IfcDistributionControlElement,,"A unitary control element combines a number of control components into a single product, such as a thermostat or humidistat."
IfcUnitaryControlElementALARMPANEL,Alarm Panel,Class,IfcUnitaryControlElement,ALARMPANEL,A control element at which alarms are annunciated.
IfcUnitaryControlElementBASESTATIONCONTROLLER,Base Station Controller,Class,IfcUnitaryControlElement,BASESTATIONCONTROLLER,"A base station controller (BSC) is a network component with the functions for controlling one or more base transceiver stations. BSC is responsible for the management of various interfaces, wireless resources and parameters, the signalling processing of call establishment and the channel allocation in the cell."
IfcUnitaryControlElementCOMBINED,Combined,Class,IfcUnitaryControlElement,COMBINED,Combination of at least two predefined types of unitary control element.
IfcUnitaryControlElementCONTROLPANEL,Control Panel,Class,IfcUnitaryControlElement,CONTROLPANEL,"A control element at which devices that control or monitor the operation of a site, building or part of a building are located"
IfcUnitaryControlElementGASDETECTIONPANEL,Gas Detection Panel,Class,IfcUnitaryControlElement,GASDETECTIONPANEL,A control element at which the detection of gas is annunciated.
IfcUnitaryControlElementHUMIDISTAT,Humidistat,Class,IfcUnitaryControlElement,HUMIDISTAT,A control element that senses and regulates the humidity of a system or space so that the humidity is maintained near a desired setpoint.
IfcUnitaryControlElementINDICATORPANEL,Indicator Panel,Class,IfcUnitaryControlElement,INDICATORPANEL,"A control element at which equipment operational status, condition, safety state or other required parameters are indicated."
IfcUnitaryControlElementMIMICPANEL,Mimic Panel,Class,IfcUnitaryControlElement,MIMICPANEL,A control element at which information that is available elsewhere is repeated or 'mimicked'.
IfcUnitaryControlElementTHERMOSTAT,Thermostat,Class,IfcUnitaryControlElement,THERMOSTAT,"A control element that senses and regulates the temperature of an element, system or space so that the temperature is maintained near a desired setpoint."
IfcUnitaryControlElementWEATHERSTATION,Weather Station,Class,IfcUnitaryControlElement,WEATHERSTATION,"A control element that senses multiple climate properties such as temperature, humidity, pressure, wind, and rain."
IfcUnitaryEquipment,Unitary Equipment,Class,IfcEnergyConversionDevice,,"Unitary equipment typically combine a number of components into a single product, such as air handlers, pre-packaged rooftop air-conditioning units, heat pumps, and split systems."
IfcUnitaryEquipmentAIRCONDITIONINGUNIT,Air Conditioning Unit,Class,IfcUnitaryEquipment,AIRCONDITIONINGUNIT,A unitary packaged air-conditioning unit typically used in residential or light commercial applications.
IfcUnitaryEquipmentAIRHANDLER,Air Handler,Class,IfcUnitaryEquipment,AIRHANDLER,"A unitary air handling unit typically containing a fan, economizer, and coils."
IfcUnitaryEquipmentDEHUMIDIFIER,Dehumidifier,Class,IfcUnitaryEquipment,DEHUMIDIFIER,"A unitary packaged dehumidification unit.units supporting multiple modes (dehumidification, cooling, and/or heating) should use AIRCONDITIONINGUNIT."
IfcUnitaryEquipmentROOFTOPUNIT,Roof Top Unit,Class,IfcUnitaryEquipment,ROOFTOPUNIT,A packaged assembly that is either field-erected or manufactured atop the roof of a large residential or commercial building and acts as a unitary component.
IfcUnitaryEquipmentSPLITSYSTEM,Split System,Class,IfcUnitaryEquipment,SPLITSYSTEM,"A system which separates the compressor from the evaporator, but acts as a unitary component typically within residential or light commercial applications."
IfcValve,Valve,Class,IfcFlowController,,A valve is used in a building services piping distribution system to control or modulate the flow of the fluid.
IfcValveAIRRELEASE,Air Release,Class,IfcValve,AIRRELEASE,Valve used to release air from a pipe or fitting.
IfcValveANTIVACUUM,Anti Vacuum,Class,IfcValve,ANTIVACUUM,Valve that opens to admit air if the pressure falls below atmospheric pressure.
IfcValveCHANGEOVER,Change Over,Class,IfcValve,CHANGEOVER,Valve that enables flow to be switched between pipelines (3 or 4 port).
IfcValveCHECK,Check,Class,IfcValve,CHECK,Valve that permits water to flow in one direction only and is enclosed when there is no flow (2 port).
IfcValveCOMMISSIONING,Commissioning,Class,IfcValve,COMMISSIONING,Valve used to facilitate commissioning of a system (2 port).
IfcValveDIVERTING,Diverting,Class,IfcValve,DIVERTING,Valve that enables flow to be diverted from one branch of a pipeline to another (3 port).
IfcValveDOUBLECHECK,Double Check,Class,IfcValve,DOUBLECHECK,An assembly that incorporates two valves used to prevent backflow.
IfcValveDOUBLEREGULATING,Double Regulating,Class,IfcValve,DOUBLEREGULATING,Valve used to facilitate regulation of fluid flow in a system.
IfcValveDRAWOFFCOCK,Draw Off Cock,Class,IfcValve,DRAWOFFCOCK,A valve used to remove fluid from a piping system.
IfcValveFAUCET,Faucet,Class,IfcValve,FAUCET,Faucet valve typically used as a flow discharge.
IfcValveFLUSHING,Flushing,Class,IfcValve,FLUSHING,"Valve that flushes a predetermined quantity of water to cleanse a toilet, urinal, etc."
IfcValveGASCOCK,Gas Cock,Class,IfcValve,GASCOCK,Valve that is used for controlling the flow of gas.
IfcValveGASTAP,Gas Tap,Class,IfcValve,GASTAP,Gas tap typically used for venting or discharging gas from a system.
IfcValveISOLATING,Isolating,Class,IfcValve,ISOLATING,Valve that closes off flow in a pipeline.
IfcValveMIXING,Mixing,Class,IfcValve,MIXING,Valve that enables flow from two branches of a pipeline to be mixed together (3 port).
IfcValvePRESSUREREDUCING,Pressure Reducing,Class,IfcValve,PRESSUREREDUCING,Valve that reduces the pressure of a fluid immediately downstream of its position in a pipeline to a preselected value or by a predetermined ratio.
IfcValvePRESSURERELIEF,Pressure Relief,Class,IfcValve,PRESSURERELIEF,Spring or weight loaded valve that automatically discharges to a safe place fluid that has built up to excessive pressure in pipes or fittings.
IfcValveREGULATING,Regulating,Class,IfcValve,REGULATING,Valve used to facilitate regulation of fluid flow in a system.
IfcValveSAFETYCUTOFF,Safety Cut Off,Class,IfcValve,SAFETYCUTOFF,"Valve that closes under the action of a safety mechanism such as a drop weight, solenoid etc."
IfcValveSTEAMTRAP,Steamtrap,Class,IfcValve,STEAMTRAP,Valve that restricts flow of steam while allowing condensate to pass through.
IfcValveSTOPCOCK,Stop Cock,Class,IfcValve,STOPCOCK,An isolating valve used on a domestic water service.
IfcVehicle,Vehicle,Class,IfcTransportationDevice,,Piece of equipment designed to transport people or cargo.
IfcVehicleCARGO,Cargo,Class,IfcVehicle,CARGO,A mobile transport element that represents a discrete unit of cargo managed by a facility.
IfcVehicleROLLINGSTOCK,Rolling Stock,Class,IfcVehicle,ROLLINGSTOCK,"Refers to railway vehicles, including both powered and unpowered vehicles, for example locomotives, railroad cars, coaches, private railroad cars and wagons."
IfcVehicleVEHICLE,Vehicle,Class,IfcVehicle,VEHICLE,A generalisation of a vehicle that interacts with a facility (e.g. as a user/customer) or as a specified operational asset within the facility.
IfcVehicleVEHICLEAIR,Vehicle Air,Class,IfcVehicle,VEHICLEAIR,"A specialisation of a vehicle that represents powered and unpowered flying vehicles, such as airplanes, helicopters, gliders etc."
IfcVehicleVEHICLEMARINE,Vehicle Marine,Class,IfcVehicle,VEHICLEMARINE,A specialisation of a vehicle that operates on water as a marine vessel.
IfcVehicleVEHICLETRACKED,Vehicle Tracked,Class,IfcVehicle,VEHICLETRACKED,A specialisation of a vehicle that operates on land tracked (Caterpillar).
IfcVehicleVEHICLEWHEELED,Vehicle Wheeled,Class,IfcVehicle,VEHICLEWHEELED,"A specialisation of a vehicle that operates on land as a multi wheeled vehicle such as a car, lorry, forklift etc."
IfcVibrationDamper,Vibration Damper,Class,IfcElementComponent,,"A vibration damper is a device used to minimize the effects of vibration in a structure by dissipating kinetic energy. The damper may be passive (elastic, frictional, inertia) or active (in a system using sensors and actuators)."
IfcVibrationDamperAXIAL_YIELD,Axial Yield,Class,IfcVibrationDamper,AXIAL_YIELD,"A displacement dependent type damper in which the resistance force generated is determined by the plastic strain amount utilizing the plastic deformation of the steel material. The axial yield type is a damper that yields energy by absorbing the steel material against deformation in the axial direction, that is, in the direction of expansion and contraction."
IfcVibrationDamperBENDING_YIELD,Bending Yield,Class,IfcVibrationDamper,BENDING_YIELD,"A displacement dependent type damper in which the resistance force generated is determined by the plastic strain amount utilizing the plastic deformation of the steel material. The bending yield type is a damper, which yields steel material by bending."
IfcVibrationDamperFRICTION,Friction,Class,IfcVibrationDamper,FRICTION,The friction type is a damper utilizing friction acting on the contact surface of a material.
IfcVibrationDamperRUBBER,Rubber,Class,IfcVibrationDamper,RUBBER,The rubber mold is a damper that absorbs energy by utilizing deformation of laminated rubber. The difference between the seismic isolation bearing and the rubber type damper is whether or not to support the weight of the upper structures. The rubber damper does not transmit the weight of the upper structures to the sub structure.
IfcVibrationDamperSHEAR_YIELD,Shear Yield,Class,IfcVibrationDamper,SHEAR_YIELD,"A displacement dependent type damper in which the resistance force generated is determined by the plastic strain amount utilizing the plastic deformation of the steel material. The shear yield type is a damper, which causes the steel material to yield for deformation in the direction perpendicular to the member."
IfcVibrationDamperVISCOUS,Viscous,Class,IfcVibrationDamper,VISCOUS,The viscous type is a damper that absorbs energy by utilizing the resistance of a viscous body.
IfcVibrationIsolator,Vibration Isolator,Class,IfcElementComponent,,A vibration isolator is a device used to minimize the effects of vibration transmissibility in a structure.
IfcVibrationIsolatorBASE,Base,Class,IfcVibrationIsolator,BASE,Base isolator preventing transfer of energy from the ground to the structure.
IfcVibrationIsolatorCOMPRESSION,Compression,Class,IfcVibrationIsolator,COMPRESSION,Compression type vibration isolator.
IfcVibrationIsolatorSPRING,Spring,Class,IfcVibrationIsolator,SPRING,Spring type vibration isolator.
IfcVirtualElement,Virtual Element,Class,IfcElement,,"A virtual element is a special element used to provide imaginary, placeholder, or provisional areas, volumes, and boundaries. Virtual elements are usually not displayed and do not have quantities, associated materials, and other measures."
IfcVirtualElementBOUNDARY,Boundary,Class,IfcVirtualElement,BOUNDARY,"An imaginary boundary, such as between two adjacent spaces that are not separated by a physical boundary."
IfcVirtualElementCLEARANCE,Clearance,Class,IfcVirtualElement,CLEARANCE,The virtual element denotes a clearance area or volume.
IfcVirtualElementPROVISIONFORVOID,Provision for Void,Class,IfcVirtualElement,PROVISIONFORVOID,The virtual element denotes a proposed provision for voids (an proposed opening not applied as void yet).
IfcVoidingFeature,Voiding Feature,Class,IfcFeatureElementSubtraction,,"A voiding feature is a modification of an element which reduces its volume. Such a feature may be manufactured in different ways, for example by cutting, drilling, or milling of members made of various materials, or by inlays into the formwork of cast members made of materials such as concrete."
IfcVoidingFeatureCHAMFER,Chamfer,Class,IfcVoidingFeature,CHAMFER,"A skewed plane end cut, removing material only across a part of the profile of the voided element."
IfcVoidingFeatureCUTOUT,Cutout,Class,IfcVoidingFeature,CUTOUT,"An internal cutout (creating an opening) or external cutout (creating a recess) of arbitrary shape. The edges between cutting planes may be overcut or undercut, i.e. rounded."
IfcVoidingFeatureEDGE,Edge,Class,IfcVoidingFeature,EDGE,"A shape modification along an edge of the element with the edge length as the predominant dimension of the feature, and feature profile dimensions which are typically much smaller than the edge length. Can for example be a chamfer edge (differentiated from a chamfer by its ratio of dimensions and thus usually manufactured differently), rounded edge (a convex edge feature), or fillet edge (a concave edge feature)."
IfcVoidingFeatureHOLE,Hole,Class,IfcVoidingFeature,HOLE,"A circular or slotted or threaded hole, typically but not necessarily of smaller dimension than what would be considered a cutout."
IfcVoidingFeatureMITER,Miter,Class,IfcVoidingFeature,MITER,"A skewed plane end cut, removing material across the entire profile of the voided element."
IfcVoidingFeatureNOTCH,Notch,Class,IfcVoidingFeature,NOTCH,"An external cutout of with a mostly rectangular cutting profile. The edges between cutting planes may be overcut or undercut, i.e. rounded."
IfcWall,Wall,Class,IfcBuiltElement,,"The wall represents a vertical construction that may bound or subdivide spaces. Wall are usually vertical, or nearly vertical, planar elements, often designed to bear structural loads. A wall is however not required to be load bearing."
IfcWallELEMENTEDWALL,Elemented Wall,Class,IfcWall,ELEMENTEDWALL,"A stud wall framed with studs and faced with sheetings, sidings, wallboard, or plasterwork."
IfcWallMOVABLE,Movable,Class,IfcWall,MOVABLE,"A movable wall that is either movable, such as folding wall or a sliding wall, or can be easily removed as a removable partitioning or mounting wall. Movable walls do normally not define space boundaries and often belong to the furnishing system."
IfcWallPARAPET,Parapet,Class,IfcWall,PARAPET,"A wall-like barrier to protect human or vehicle from falling, or to prevent the spread of fires. Often designed at the edge of balconies, terraces or roofs, or along edges of bridges."
IfcWallPARTITIONING,Partitioning,Class,IfcWall,PARTITIONING,"A wall designed to partition spaces that often has a light-weight, sandwich-like construction (e.g. using gypsum board). Partitioning walls are normally non load bearing."
IfcWallPLUMBINGWALL,Plumbing Wall,Class,IfcWall,PLUMBINGWALL,"A pier, or enclosure, or encasement, normally used to enclose plumbing in sanitary rooms. Such walls often do not extend to the ceiling."
IfcWallPOLYGONAL,Polygonal,Class,IfcWall,POLYGONAL,"A polygonal wall, extruded vertically, where the wall thickness varies along the wall path."
IfcWallRETAININGWALL,Retaining Wall,Class,IfcWall,RETAININGWALL,"A supporting wall used to protect against soil layers behind. Special types of a retaining wall may be e.g. Gabion wall and Grib wall. Examples of retaining walls are wing wall, headwall, stem wall, pierwall and protecting wall."
IfcWallSHEAR,Shear,Class,IfcWall,SHEAR,"A wall designed to withstand shear loads. Examples of shear wall are diaphragms inside a box girder, typically on a pier, to resist lateral forces and transfer them to the support."
IfcWallSOLIDWALL,Solid Wall,Class,IfcWall,SOLIDWALL,A massive wall construction for the wall core being the single layer or having multiple layers attached. Such walls are often masonry or concrete walls (both cast in-situ or precast) that are load bearing and fire protecting.
IfcWallSTANDARD,Standard,Class,IfcWall,STANDARD,"A standard wall, extruded vertically with a constant thickness along the wall path.;"
IfcWallWAVEWALL,Wave Wall,Class,IfcWall,WAVEWALL,Protective wall or screen to block overtopping and impact of waves across a breakwater
IfcWasteTerminal,Waste Terminal,Class,IfcFlowTerminal,,A waste terminal has the purpose of collecting or intercepting waste from one or more sanitary terminals or other fluid waste generating equipment and discharging it into a single waste/drainage system.
IfcWasteTerminalFLOORTRAP,Floortrap,Class,IfcWasteTerminal,FLOORTRAP,"Pipe fitting, set into the floor, that retains liquid to prevent the passage of foul air"
IfcWasteTerminalFLOORWASTE,Floor Waste,Class,IfcWasteTerminal,FLOORWASTE,"Pipe fitting, set into the floor, that collects waste water and discharges it to a separate trap."
IfcWasteTerminalGULLYSUMP,Gully Sump,Class,IfcWasteTerminal,GULLYSUMP,"Pipe fitting or assembly of fittings to receive surface water or waste water, fitted with a grating or sealed cover."
IfcWasteTerminalGULLYTRAP,Gullytrap,Class,IfcWasteTerminal,GULLYTRAP,Pipe fitting or assembly of fittings that receives surface water or waste water; fitted with a grating or sealed cover that discharges water through a trap.
IfcWasteTerminalROOFDRAIN,Roofd Rain,Class,IfcWasteTerminal,ROOFDRAIN,"Pipe fitting, set into the roof, that collects rainwater for discharge into the rainwater system."
IfcWasteTerminalWASTEDISPOSALUNIT,Waste Disposal Unit,Class,IfcWasteTerminal,WASTEDISPOSALUNIT,Electrically operated device that reduces kitchen or other waste into fragments small enough to be flushed into a drainage system.
IfcWasteTerminalWASTETRAP,Waste Trap,Class,IfcWasteTerminal,WASTETRAP,"Pipe fitting, set adjacent to a sanitary terminal, that retains liquid to prevent the passage of foul air."
IfcWindow,Window,Class,IfcBuiltElement,,"The window is a building element that is predominately used to provide natural light and fresh air. It includes vertical opening but also horizontal opening such as skylights or light domes. It includes constructions with swinging, pivoting, sliding, or revolving panels and fixed panels. A window consists of a lining and one or several panels."
IfcWindowLIGHTDOME,Light Dome,Class,IfcWindow,LIGHTDOME,A special window that lies horizonally in a roof slab opening.
IfcWindowSKYLIGHT,Sky Light,Class,IfcWindow,SKYLIGHT,"A window within a sloped building element, usually a roof slab."
IfcWindowWINDOW,Window,Class,IfcWindow,WINDOW,"A standard window usually within a wall opening, as a window panel in a curtain wall, or as a 'free standing' window."
IfcWorkCalendar,Work Calendar,Class,IfcControl,,"An [[IfcWorkCalendar]] defines working and non-working time periods for tasks and resources. It enables to define both specific time periods,00 on 25th August 2009, as well as repetitive time periods based on frequently used recurrence patterns,00 between 1st March 2009 and 31st December 2009."
IfcWorkCalendarFIRSTSHIFT,First Shift,Class,IfcWorkCalendar,FIRSTSHIFT,Belongs to the first shift.
IfcWorkCalendarSECONDSHIFT,Second Shift,Class,IfcWorkCalendar,SECONDSHIFT,Belongs to the second shift.
IfcWorkCalendarTHIRDSHIFT,Third Shift,Class,IfcWorkCalendar,THIRDSHIFT,Belongs to the third shift.
IfcWorkControl,Work Control,Class,IfcControl,,An [[IfcWorkControl]] is an abstract supertype which captures information that is common to both [[IfcWorkPlan]] and [[IfcWorkSchedule]].
IfcWorkPlan,Work Plan,Class,IfcWorkControl,,An [[IfcWorkPlan]] represents work plans in a construction or a facilities management project.
IfcWorkPlanACTUAL,Actual,Class,IfcWorkPlan,ACTUAL,A control in which actual items undertaken are indicated.
IfcWorkPlanBASELINE,Baseline,Class,IfcWorkPlan,BASELINE,A control that is a baseline from which changes that are made later can be recognized.
IfcWorkPlanPLANNED,Planned,Class,IfcWorkPlan,PLANNED,Planned
IfcWorkSchedule,Work Schedule,Class,IfcWorkControl,,"An [[IfcWorkSchedule]] represents a task schedule of a work plan, which in turn can contain a set of schedules for different purposes."
IfcWorkScheduleACTUAL,Actual,Class,IfcWorkSchedule,ACTUAL,A process in which actual items undertaken are indicated.
IfcWorkScheduleBASELINE,Baseline,Class,IfcWorkSchedule,BASELINE,A process that is a baseline from which changes that are made later can be recognized.
IfcWorkSchedulePLANNED,Planned,Class,IfcWorkSchedule,PLANNED,A process showing planned items.
IfcZone,Zone,Class,IfcSystem,,"A zone is a group of spaces, partial spaces or other zones. These spaces may or may not be adjacent. A zone does not have its own shape representation. Zone structures may not be hierarchical (in contrary to the spatial structure of a project - see [[IfcSpatialStructureElement]]), i.e. one individual [[IfcSpace]] may be associated with zero, one, or several [[IfcZone]]'s. [[IfcSpace]]'s are grouped into an [[IfcZone]] by using the objectified relationship IfcRelAssignsToGroup as specified at the supertype [[IfcGroup]]. For example, a zone might be used to represent an apartment as a group of spaces."
